esercizio;nota_num;stato_previsione;amministrazione;uv_livello1;uv_livello2;capitolo_num;capitolo;capitolo_rim;titolo_cod;titolo;categoria_cod;categoria;codice_ce;missione_cod;missione;programma_cod;programma;macroaggr_cod;macroaggr;cenres_cod;cenres;variazioni_cs_a2;lbnv1_cp_a1;lbnv1_cp_a2;lbnv1_cp_a3;lbnv1_cs_a1;lbnv1_cs_a2;lbnv1_cs_a3;lbnv1_rs_a1;variazioni_cp_a1;variazioni_cp_a2;variazioni_cp_a3;variazioni_cs_a1;variazioni_cs_a3;variazioni_rs_a1;nv2_cp_a1;nv2_cp_a2;nv2_cp_a3;nv2_cs_a1;nv2_cs_a2;nv2_cs_a3;nv2_rs_a1
2015;2;02;MINISTERO DELL'ECONOMIA E DELLE FINANZE;01;01;3548;SPESE CONNESSE AI PIANI DI RIASSETTO ORGANIZZATIVO, ECONOMICO, FINANZIARIO E PATRIMONIALE DELLE CITTA' METROPOLITANE, DELLE PROVINCE E DELLE REGIONI A STATUTO ORDINARIO.;RIMODULABILE;1;TITOLO I - SPESE CORRENTI;2;CONSUMI INTERMEDI;2.2.8;029;Politiche economico-finanziarie e di bilancio;001;Regolazione giurisdizione e coordinamento del sistema della fiscalita';1;FUNZIONAMENTO;6;DIPARTIMENTO DELLE FINANZE;3000000;0.00;0.00;0.00;0.00;0.00;0.00;0.00;2000000.00;3000000.00;0.00;2000000.00;0.00;0.00;2000000.00;3000000.00;0.00;2000000.00;3000000.00;0.00;0.00
2015;2;02;MINISTERO DELL'ECONOMIA E DELLE FINANZE;01;01;3926;SOMMA DA VERSARE ALL'ENTRATA PER GLI AGGI ED I COMPENSI TRATTENUTI DAI CONCESSIONARI E DAI RIVENDITORI DEI GIOCHI;NON RIMODULABILE;1;TITOLO I - SPESE CORRENTI;2;CONSUMI INTERMEDI;2.2.11;029;Politiche economico-finanziarie e di bilancio;001;Regolazione giurisdizione e coordinamento del sistema della fiscalita';1;FUNZIONAMENTO;6;DIPARTIMENTO DELLE FINANZE;-10000000;1050000000.00;1050000000.00;1050000000.00;1050000000.00;1050000000.00;1050000000.00;0.00;0.00;-10000000.00;-20000000.00;0.00;-20000000.00;0.00;1050000000.00;1040000000.00;1030000000.00;1050000000.00;1040000000.00;1030000000.00;0.00
2015;2;02;MINISTERO DELL'ECONOMIA E DELLE FINANZE;01;05;3809;RESTITUZIONI E RIMBORSI DI SOMME INDEBITAMENTE VERSATE DAI SOGGETTI COLPITI DAL SISMA DEL 1990.;NON RIMODULABILE;1;TITOLO I - SPESE CORRENTI;10;POSTE CORRETTIVE E COMPENSATIVE;10.1.1;029;Politiche economico-finanziarie e di bilancio;005;Regolazioni contabili, restituzioni e rimborsi d'imposte;2;INTERVENTI;6;DIPARTIMENTO DELLE FINANZE;30000000;0.00;0.00;0.00;0.00;0.00;0.00;0.00;30000000.00;30000000.00;30000000.00;30000000.00;30000000.00;0.00;30000000.00;30000000.00;30000000.00;30000000.00;30000000.00;30000000.00;0.00
2015;2;02;MINISTERO DELL'ECONOMIA E DELLE FINANZE;01;05;3820;RESTITUZIONE ANCHE MEDIANTE COMPENSAZIONE IN SEDE DEI VERSAMENTI UNITARI, DEGLI ONERI GRAVANTI SUGLI AUTOTRASPORTATORI DI MERCI PER EFFETTO DEGLI INCREMENTI DI ACCISA SUL GASOLIO PER AUTOTRAZIONE;NON RIMODULABILE;1;TITOLO I - SPESE CORRENTI;6;TRASFERIMENTI CORRENTI A IMPRESE;6.1.4;029;Politiche economico-finanziarie e di bilancio;005;Regolazioni contabili, restituzioni e rimborsi d'imposte;2;INTERVENTI;6;DIPARTIMENTO DELLE FINANZE;-272000000;1147500000.00;1147500000.00;1147500000.00;1147500000.00;1147500000.00;1147500000.00;0.00;-342000000.00;-272000000.00;-202000000.00;-342000000.00;-202000000.00;0.00;805500000.00;875500000.00;945500000.00;805500000.00;875500000.00;945500000.00;0.00
2015;2;02;MINISTERO DELL'ECONOMIA E DELLE FINANZE;01;07;2696;SPESE PER LA GESTIONE ED IL FUNZIONAMENTO DEL SISTEMA INFORMATIVO, IVI COMPRESA LA MANUTENZIONE DELLA STRUTTURA DELLA SEDE E QUANT'ALTRO NECESSARIO ALLE ESIGENZE DELLA STRUTTURA STESSA;RIMODULABILE;1;TITOLO I - SPESE CORRENTI;2;CONSUMI INTERMEDI;2.2.2;029;Politiche economico-finanziarie e di bilancio;007;Analisi, monitoraggio e controllo della finanza pubblica e politiche di bilancio;1;FUNZIONAMENTO;4;DIPARTIMENTO DELLA RAGIONERIA GENERALE DELLO STATO;2000000;28000000.00;28708278.00;28610320.00;28000000.00;28708278.00;28610320.00;0.00;0.00;2000000.00;4000000.00;0.00;4000000.00;0.00;28000000.00;30708278.00;32610320.00;28000000.00;30708278.00;32610320.00;0.00
2015;2;02;MINISTERO DELL'ECONOMIA E DELLE FINANZE;01;07;3075;FONDO PER INTERVENTI STRUTTURALI DI POLITICA ECONOMICA;RIMODULABILE;1;TITOLO I - SPESE CORRENTI;12;ALTRE USCITE CORRENTI;12.2.3;029;Politiche economico-finanziarie e di bilancio;007;Analisi, monitoraggio e controllo della finanza pubblica e politiche di bilancio;5;ONERI COMUNI DI PARTE CORRENTE;4;DIPARTIMENTO DELLA RAGIONERIA GENERALE DELLO STATO;330890000;132553361.00;84110059.00;271508035.00;132553361.00;84110059.00;271508035.00;0.00;139146000.00;330890000.00;42943000.00;139146000.00;42943000.00;0.00;271699361.00;415000059.00;314451035.00;271699361.00;415000059.00;314451035.00;0.00
2015;2;02;MINISTERO DELL'ECONOMIA E DELLE FINANZE;01;07;3076;FONDO PER FAR FRONTE AD ESIGENZE INDIFFERIBILI IN CORSO DI GESTIONE;NON RIMODULABILE;1;TITOLO I - SPESE CORRENTI;12;ALTRE USCITE CORRENTI;12.2.3;029;Politiche economico-finanziarie e di bilancio;007;Analisi, monitoraggio e controllo della finanza pubblica e politiche di bilancio;5;ONERI COMUNI DI PARTE CORRENTE;4;DIPARTIMENTO DELLA RAGIONERIA GENERALE DELLO STATO;25000000;0.00;0.00;0.00;0.00;0.00;0.00;0.00;27000000.00;25000000.00;25000000.00;27000000.00;25000000.00;0.00;27000000.00;25000000.00;25000000.00;27000000.00;25000000.00;25000000.00;0.00
2015;2;02;MINISTERO DELL'ECONOMIA E DELLE FINANZE;01;07;7460;SPESE PER LO SVILUPPO DEL SISTEMA INFORMATIVO, IVI COMPRESA LA MANUTENZIONE STRAORDINARIA DELLA STRUTTURA DELLA SEDE E QUANT'ALTRO NECESSARIO ALLE ESIGENZE DELLA STRUTTURA STESSA;RIMODULABILE;2;TITOLO II - SPESE IN CONTO CAPITALE;21;INVESTIMENTI FISSI LORDI E ACQUISTI DI TERRENI;21.1.6;029;Politiche economico-finanziarie e di bilancio;007;Analisi, monitoraggio e controllo della finanza pubblica e politiche di bilancio;3;INVESTIMENTI;4;DIPARTIMENTO DELLA RAGIONERIA GENERALE DELLO STATO;20000000;30300000.00;29331723.00;29221878.00;30300000.00;29331723.00;29221878.00;0.00;5000000.00;20000000.00;15000000.00;5000000.00;15000000.00;0.00;35300000.00;49331723.00;44221878.00;35300000.00;49331723.00;44221878.00;0.00
2015;2;02;MINISTERO DELL'ECONOMIA E DELLE FINANZE;01;07;7593;FONDO PER LA COMPENSAZIONE DEGLI EFFETTI CONSEGUENTI ALL' ATTUALIZZAZIONE DEI CONTRIBUTI PLURIENNALI;NON RIMODULABILE;2;TITOLO II - SPESE IN CONTO CAPITALE;26;ALTRI TRASFERIMENTI IN CONTO CAPITALE;26.4.3;029;Politiche economico-finanziarie e di bilancio;007;Analisi, monitoraggio e controllo della finanza pubblica e politiche di bilancio;10;ONERI COMUNI DI CONTO CAPITALE;4;DIPARTIMENTO DELLA RAGIONERIA GENERALE DELLO STATO;-110600000;0.00;0.00;0.00;358113059.00;478500000.00;463800000.00;0.00;0.00;0.00;0.00;-110300000.00;-60600000.00;0.00;0.00;0.00;0.00;247813059.00;367900000.00;403200000.00;0.00
2015;2;02;MINISTERO DELL'ECONOMIA E DELLE FINANZE;02;02;2862;SOMME DA EROGARE ALLE REGIONI A STATUTO ORDINARIO A TITOLO DI COMPARTECIPAZIONE ALL'IVA;NON RIMODULABILE;1;TITOLO I - SPESE CORRENTI;4;TRASFERIMENTI CORRENTI AD AMMINISTRAZIONI PUBBLICHE;4.2.1;003;Relazioni finanziarie con le autonomie territoriali;004;Federalismo;2;INTERVENTI;4;DIPARTIMENTO DELLA RAGIONERIA GENERALE DELLO STATO;-10000000;66237010000.00;70016370000.00;70367870000.00;66237010000.00;70016370000.00;70367870000.00;0.00;0.00;-10000000.00;-10000000.00;0.00;-10000000.00;0.00;66237010000.00;70006370000.00;70357870000.00;66237010000.00;70006370000.00;70357870000.00;0.00
2015;2;02;MINISTERO DELL'ECONOMIA E DELLE FINANZE;02;03;2798;SOMMA DA VERSARE ALLA REGIONE VALLE D'AOSTA A COMPENSAZIONE DELLA PERDITA DI GETTITO SUBITA IN CONSEGUENZA DELLA DETERMINAZIONE DELL'ALIQUOTA RIFERITA AD IMPOSTE ERARIALI SULLA PRODUZIONE;NON RIMODULABILE;1;TITOLO I - SPESE CORRENTI;4;TRASFERIMENTI CORRENTI AD AMMINISTRAZIONI PUBBLICHE;4.2.1;003;Relazioni finanziarie con le autonomie territoriali;005;Regolazioni contabili ed altri trasferimenti alle Regioni a statuto speciale;2;INTERVENTI;4;DIPARTIMENTO DELLA RAGIONERIA GENERALE DELLO STATO;70000000;0.00;0.00;0.00;0.00;0.00;0.00;0.00;70000000.00;70000000.00;70000000.00;70000000.00;70000000.00;0.00;70000000.00;70000000.00;70000000.00;70000000.00;70000000.00;70000000.00;0.00
2015;2;02;MINISTERO DELL'ECONOMIA E DELLE FINANZE;02;03;7520;FONDO RAPPORTI FINANZIARI CON LE AUTONOMIE SPECIALI;RIMODULABILE;2;TITOLO II - SPESE IN CONTO CAPITALE;26;ALTRI TRASFERIMENTI IN CONTO CAPITALE;26.4.3;003;Relazioni finanziarie con le autonomie territoriali;005;Regolazioni contabili ed altri trasferimenti alle Regioni a statuto speciale;10;ONERI COMUNI DI CONTO CAPITALE;4;DIPARTIMENTO DELLA RAGIONERIA GENERALE DELLO STATO;-80000000;0.00;0.00;0.00;80000000.00;80000000.00;80000000.00;0.00;0.00;0.00;0.00;-80000000.00;-80000000.00;0.00;0.00;0.00;0.00;0.00;0.00;0.00;0.00
2015;2;02;MINISTERO DELL'ECONOMIA E DELLE FINANZE;02;04;2700;FONDO SANITARIO NAZIONALE;NON RIMODULABILE;1;TITOLO I - SPESE CORRENTI;4;TRASFERIMENTI CORRENTI AD AMMINISTRAZIONI PUBBLICHE;4.2.1;003;Relazioni finanziarie con le autonomie territoriali;006;Concorso dello Stato al finanziamento della spesa sanitaria;2;INTERVENTI;4;DIPARTIMENTO DELLA RAGIONERIA GENERALE DELLO STATO;-100000000;0.00;100000000.00;100000000.00;0.00;100000000.00;100000000.00;0.00;0.00;-100000000.00;-100000000.00;0.00;-100000000.00;0.00;0.00;0.00;0.00;0.00;0.00;0.00;0.00
2015;2;02;MINISTERO DELL'ECONOMIA E DELLE FINANZE;02;04;2700;FONDO SANITARIO NAZIONALE;NON RIMODULABILE;1;TITOLO I - SPESE CORRENTI;4;TRASFERIMENTI CORRENTI AD AMMINISTRAZIONI PUBBLICHE;4.2.1;003;Relazioni finanziarie con le autonomie territoriali;006;Concorso dello Stato al finanziamento della spesa sanitaria;2;INTERVENTI;4;DIPARTIMENTO DELLA RAGIONERIA GENERALE DELLO STATO;5000000;5000000.00;5000000.00;5000000.00;5000000.00;5000000.00;5000000.00;0.00;5000000.00;5000000.00;5000000.00;5000000.00;5000000.00;0.00;10000000.00;10000000.00;10000000.00;10000000.00;10000000.00;10000000.00;0.00
2015;2;02;MINISTERO DELL'ECONOMIA E DELLE FINANZE;03;02;1647;SPESE DERIVANTI DALL'ESECUZIONE DEGLI ACCORDI TRA UNIONE EUROPEA E GLI STATI DELL'AFRICA, DEI CARAIBI E DEL PACIFICO (ACP), DALLA PARTECIPAZIONE ITALIANA A INIZIATIVE EUROPEE A FAVORE DEI PAESI DELLA POLITICA DI VICINATO, NONCHE' DALL'ADESIONE DELL'ITALIA A CENTRI DI RICERCA EUROPEI SU MATERIE ECONOMICHE E FINANZIARIE;NON RIMODULABILE;1;TITOLO I - SPESE CORRENTI;7;TRASFERIMENTI CORRENTI A ESTERO;7.1.2;004;L'Italia in Europa e nel mondo;011;Politica economica e finanziaria in ambito internazionale;2;INTERVENTI;3;DIPARTIMENTO DEL TESORO;-470000000;470000000.00;470000000.00;470000000.00;470000000.00;470000000.00;470000000.00;0.00;-470000000.00;-470000000.00;-470000000.00;-470000000.00;-470000000.00;0.00;0.00;0.00;0.00;0.00;0.00;0.00;0.00
2015;2;02;MINISTERO DELL'ECONOMIA E DELLE FINANZE;03;02;7174;CONTRIBUTO IN FAVORE DEL CHERNOBYL SHELTER FUND ISTITUITO PRESSO LA BANCA EUROPEA PER LA RICOSTRUZIONE E LO SVILUPPO;NON RIMODULABILE;2;TITOLO II - SPESE IN CONTO CAPITALE;25;CONTRIBUTI AGLI INVESTIMENTI A ESTERO;25.1.2;004;L'Italia in Europa e nel mondo;011;Politica economica e finanziaria in ambito internazionale;3;INVESTIMENTI;3;DIPARTIMENTO DEL TESORO;2500000;5775000.00;5775000.00;5775000.00;5775000.00;5775000.00;5775000.00;0.00;824000.00;2500000.00;2500000.00;824000.00;2500000.00;0.00;6599000.00;8275000.00;8275000.00;6599000.00;8275000.00;8275000.00;0.00
2015;2;02;MINISTERO DELL'ECONOMIA E DELLE FINANZE;06;02;7441;FONDO PER LE EMERGENZE NAZIONALI;RIMODULABILE;2;TITOLO II - SPESE IN CONTO CAPITALE;26;ALTRI TRASFERIMENTI IN CONTO CAPITALE;26.4.3;008;Soccorso civile;005;Protezione civile;10;ONERI COMUNI DI CONTO CAPITALE;3;DIPARTIMENTO DEL TESORO;9000000;140000000.00;140000000.00;140000000.00;140000000.00;140000000.00;140000000.00;0.00;25000000.00;9000000.00;0.00;25000000.00;0.00;0.00;165000000.00;149000000.00;140000000.00;165000000.00;149000000.00;140000000.00;0.00
2015;2;02;MINISTERO DELL'ECONOMIA E DELLE FINANZE;08;03;3860;SOMMA DA VERSARE ALL'ENTRATA DEL BILANCIO DELLO STATO PER I CREDITI D'IMPOSTA FRUITI DAGLI ENTI NON COMMERCIALI IN RELAZIONE ALLA RIDUZIONE DELLA QUOTA ESENTE DEI DIVIDENDI.;NON RIMODULABILE;1;TITOLO I - SPESE CORRENTI;6;TRASFERIMENTI CORRENTI A IMPRESE;6.1.4;011;Competitivita' e sviluppo delle imprese;009;Interventi di sostegno tramite il sistema della fiscalita';2;INTERVENTI;6;DIPARTIMENTO DELLE FINANZE;85200000;0.00;0.00;0.00;0.00;0.00;0.00;0.00;0.00;85200000.00;85200000.00;0.00;85200000.00;0.00;0.00;85200000.00;85200000.00;0.00;85200000.00;85200000.00;0.00
2015;2;02;MINISTERO DELL'ECONOMIA E DELLE FINANZE;08;03;3869;SOMMA DA VERSARE ALL'ENTRATA DEL BILANCIO DELLO STATO PER IL CREDITO D'IMPOSTA FRUITO DAI SOGGETTI CONTRIBUENTI IRAP, CHE NON SI AVVALGONO DI LAVORATORI DIPENDENTI.;NON RIMODULABILE;1;TITOLO I - SPESE CORRENTI;6;TRASFERIMENTI CORRENTI A IMPRESE;6.1.4;011;Competitivita' e sviluppo delle imprese;009;Interventi di sostegno tramite il sistema della fiscalita';2;INTERVENTI;6;DIPARTIMENTO DELLE FINANZE;163000000;0.00;0.00;0.00;0.00;0.00;0.00;0.00;0.00;163000000.00;163000000.00;0.00;163000000.00;0.00;0.00;163000000.00;163000000.00;0.00;163000000.00;163000000.00;0.00
2015;2;02;MINISTERO DELL'ECONOMIA E DELLE FINANZE;08;03;3878;SOMME DA VERSARE ALL'ENTRATA DEL BILANCIO DELLO STATO PER I CREDITI D'IMPOSTA FRUITI IN RELAZIONE ALLA RIDUZIONE DI ALIQUOTE DELLE ACCISE;NON RIMODULABILE;1;TITOLO I - SPESE CORRENTI;6;TRASFERIMENTI CORRENTI A IMPRESE;6.1.4;011;Competitivita' e sviluppo delle imprese;009;Interventi di sostegno tramite il sistema della fiscalita';2;INTERVENTI;6;DIPARTIMENTO DELLE FINANZE;15000000;24174869.00;0.00;0.00;24174869.00;0.00;0.00;0.00;0.00;15000000.00;15000000.00;0.00;15000000.00;0.00;24174869.00;15000000.00;15000000.00;24174869.00;15000000.00;15000000.00;0.00
2015;2;02;MINISTERO DELL'ECONOMIA E DELLE FINANZE;08;03;7764;SOMMA DA VERSARE ALL'ENTRATA DEL BILANCIO DELLO STATO PER IL CREDITO D'IMPOSTA RICONOSCIUTO AGLI ENTI DI PREVIDENZA PER LA RIDUZIONE DELL'IMPOSTA SOSTITUTIVA SUI REDDITI DI NATURA FINANZIARIA.;RIMODULABILE;2;TITOLO II - SPESE IN CONTO CAPITALE;23;CONTRIBUTI AGLI INVESTIMENTI AD IMPRESE;23.2.1;011;Competitivita' e sviluppo delle imprese;009;Interventi di sostegno tramite il sistema della fiscalita';3;INVESTIMENTI;6;DIPARTIMENTO DELLE FINANZE;80000000;0.00;0.00;0.00;0.00;0.00;0.00;0.00;0.00;80000000.00;80000000.00;0.00;80000000.00;0.00;0.00;80000000.00;80000000.00;0.00;80000000.00;80000000.00;0.00
2015;2;02;MINISTERO DELL'ECONOMIA E DELLE FINANZE;12;01;7380;SOMME DA ASSEGNARE PER LA VALORIZZAZIONE DELL'ISTITUTO ITALIANO DI TECNOLOGIA;RIMODULABILE;2;TITOLO II - SPESE IN CONTO CAPITALE;22;CONTRIBUTI AGLI INVESTIMENTI;22.1.3;017;Ricerca e innovazione;015;Ricerca di base e applicata;3;INVESTIMENTI;3;DIPARTIMENTO DEL TESORO;6000000;92578625.00;92578625.00;92578625.00;92578625.00;92578625.00;92578625.00;0.00;6000000.00;6000000.00;6000000.00;6000000.00;6000000.00;0.00;98578625.00;98578625.00;98578625.00;98578625.00;98578625.00;98578625.00;0.00
2015;2;02;MINISTERO DELL'ECONOMIA E DELLE FINANZE;17;03;2102;SOMME DA CORRISPONDERE ALLA PRESIDENZA DEL CONSIGLIO DEI MINISTRI PER LE POLITICHE DI SOSTEGNO ALLA FAMIGLIA;RIMODULABILE;1;TITOLO I - SPESE CORRENTI;4;TRASFERIMENTI CORRENTI AD AMMINISTRAZIONI PUBBLICHE;4.1.1;024;Diritti sociali, politiche sociali e famiglia;007;Sostegno alla famiglia;5;ONERI COMUNI DI PARTE CORRENTE;3;DIPARTIMENTO DEL TESORO;5000000;0.00;0.00;0.00;0.00;0.00;0.00;0.00;5000000.00;5000000.00;5000000.00;5000000.00;5000000.00;0.00;5000000.00;5000000.00;5000000.00;5000000.00;5000000.00;5000000.00;0.00
2015;2;02;MINISTERO DELL'ECONOMIA E DELLE FINANZE;17;03;2129;FONDO DA DESTINARE AD INTERVENTI PER LA FAMIGLIA;RIMODULABILE;1;TITOLO I - SPESE CORRENTI;5;TRASFERIMENTI CORRENTI A FAMIGLIE E ISTITUZIONI SOCIALI PRIVATE;5.3.1;024;Diritti sociali, politiche sociali e famiglia;007;Sostegno alla famiglia;5;ONERI COMUNI DI PARTE CORRENTE;3;DIPARTIMENTO DEL TESORO;0;108000000.00;0.00;0.00;108000000.00;0.00;0.00;0.00;4000000.00;0.00;0.00;4000000.00;0.00;0.00;112000000.00;0.00;0.00;112000000.00;0.00;0.00;0.00
2015;2;02;MINISTERO DELL'ECONOMIA E DELLE FINANZE;17;04;2099;SOMME DA TRASFERIRE ALLA PRESIDENZA DEL CONSIGLIO DEI MINISTRI PER LA COSTITUZIONE DEL FONDO PER L'ATTUAZIONE DEL PIANO NAZIONALE PER LA RIQUALIFICAZIONE E RIGENERAZIONE DELLE AREE URBANE DEGRADATE;RIMODULABILE;1;TITOLO I - SPESE CORRENTI;4;TRASFERIMENTI CORRENTI AD AMMINISTRAZIONI PUBBLICHE;4.1.1;024;Diritti sociali, politiche sociali e famiglia;008;Promozione e garanzia dei diritti e delle pari opportunita';5;ONERI COMUNI DI PARTE CORRENTE;3;DIPARTIMENTO DEL TESORO;75000000;0.00;0.00;0.00;0.00;0.00;0.00;0.00;50000000.00;75000000.00;75000000.00;50000000.00;75000000.00;0.00;50000000.00;75000000.00;75000000.00;50000000.00;75000000.00;75000000.00;0.00
2015;2;02;MINISTERO DELL'ECONOMIA E DELLE FINANZE;17;07;2185;FONDO OCCORRENTE PER GLI INTERVENTI DEL SERVIZIO CIVILE NAZIONALE;RIMODULABILE;1;TITOLO I - SPESE CORRENTI;4;TRASFERIMENTI CORRENTI AD AMMINISTRAZIONI PUBBLICHE;4.1.1;024;Diritti sociali, politiche sociali e famiglia;002;Terzo settore (associazionismo, volontariato, Onlus e formazioni sociali) e responsabilita' sociale delle imprese e delle organizzazioni;5;ONERI COMUNI DI PARTE CORRENTE;3;DIPARTIMENTO DEL TESORO;50000000;65730527.00;63427302.00;63427302.00;65730527.00;63427302.00;63427302.00;0.00;50000000.00;50000000.00;50000000.00;50000000.00;50000000.00;0.00;115730527.00;113427302.00;113427302.00;115730527.00;113427302.00;113427302.00;0.00
2015;2;02;MINISTERO DELL'ECONOMIA E DELLE FINANZE;18;01;2871;SOMMA DA EROGARE PER IL COMPLETAMENTO DELLE OPERAZIONI CONNESSE ALLA LIQUIDAZIONE COATTA AMMINISTRATIVA DEL FONDO GESTIONE ISTITUTI CONTRATTUALI LAVORATORI PORTUALI;NON RIMODULABILE;1;TITOLO I - SPESE CORRENTI;6;TRASFERIMENTI CORRENTI A IMPRESE;6.1.1;025;Politiche previdenziali;002;Previdenza obbligatoria e complementare, sicurezza sociale - trasferimenti agli enti ed organismi interessati;2;INTERVENTI;4;DIPARTIMENTO DELLA RAGIONERIA GENERALE DELLO STATO;-3162000;20000000.00;20000000.00;23080000.00;20000000.00;20000000.00;23080000.00;0.00;0.00;-3162000.00;-3068000.00;0.00;-3068000.00;0.00;20000000.00;16838000.00;20012000.00;20000000.00;16838000.00;20012000.00;0.00
2015;2;02;MINISTERO DELL'ECONOMIA E DELLE FINANZE;22;01;2132;SOMME DA TRASFERIRE ALLA PRESIDENZA DEL CONSIGLIO DEI MINISTRI PER IL FINANZIAMENTO DELLE ATTIVITA' ISTITUZIONALI DEL COMITATO PARALIMPICO NAZIONALE;RIMODULABILE;1;TITOLO I - SPESE CORRENTI;4;TRASFERIMENTI CORRENTI AD AMMINISTRAZIONI PUBBLICHE;4.1.1;030;Giovani e sport;001;Attivita' ricreative e sport;5;ONERI COMUNI DI PARTE CORRENTE;3;DIPARTIMENTO DEL TESORO;7000000;0.00;0.00;0.00;0.00;0.00;0.00;0.00;7000000.00;7000000.00;7000000.00;7000000.00;7000000.00;0.00;7000000.00;7000000.00;7000000.00;7000000.00;7000000.00;7000000.00;0.00
2015;2;02;MINISTERO DELL'ECONOMIA E DELLE FINANZE;25;01;3833;FONDO PER LA RIDUZIONE DELLA PRESSIONE FISCALE;NON RIMODULABILE;1;TITOLO I - SPESE CORRENTI;12;ALTRE USCITE CORRENTI;12.2.2;033;Fondi da ripartire;001;Fondi da assegnare;5;ONERI COMUNI DI PARTE CORRENTE;6;DIPARTIMENTO DELLE FINANZE;150000000;0.00;0.00;0.00;0.00;0.00;0.00;0.00;150000000.00;150000000.00;150000000.00;150000000.00;150000000.00;0.00;150000000.00;150000000.00;150000000.00;150000000.00;150000000.00;150000000.00;0.00
2015;2;02;MINISTERO DELL'ECONOMIA E DELLE FINANZE;25;02;6856;FONDO OCCORRENTE PER FAR FRONTE AD ONERI DIPENDENTI DA PROVVEDIMENTI LEGISLATIVI IN CORSO;RIMODULABILE;1;TITOLO I - SPESE CORRENTI;12;ALTRE USCITE CORRENTI;12.2.1;033;Fondi da ripartire;002;Fondi di riserva e speciali;5;ONERI COMUNI DI PARTE CORRENTE;4;DIPARTIMENTO DELLA RAGIONERIA GENERALE DELLO STATO;-19655000;196246617.00;229411117.00;286131117.00;196246617.00;229411117.00;286131117.00;0.00;-31555000.00;-19655000.00;-27855000.00;-31555000.00;-27855000.00;0.00;164691617.00;209756117.00;258276117.00;164691617.00;209756117.00;258276117.00;0.00
2015;2;02;MINISTERO DELL'ECONOMIA E DELLE FINANZE;25;02;9001;FONDO OCCORRENTE PER FAR FRONTE AD ONERI DIPENDENTI DA PROVVEDIMENTI LEGISLATIVI IN CORSO;RIMODULABILE;2;TITOLO II - SPESE IN CONTO CAPITALE;26;ALTRI TRASFERIMENTI IN CONTO CAPITALE;26.4.1;033;Fondi da ripartire;002;Fondi di riserva e speciali;10;ONERI COMUNI DI CONTO CAPITALE;4;DIPARTIMENTO DELLA RAGIONERIA GENERALE DELLO STATO;-50000000;125710949.00;374776000.00;515068000.00;125710949.00;374776000.00;515068000.00;0.00;-5824000.00;-50000000.00;-65000000.00;-5824000.00;-65000000.00;0.00;119886949.00;324776000.00;450068000.00;119886949.00;324776000.00;450068000.00;0.00
2015;2;02;MINISTERO DELL'ECONOMIA E DELLE FINANZE;26;01;2204;FONDO FINALIZZATO ALLA CONCESSIONE DI UN CONTRIBUTO IN CONTO INTERESSI ALLE REGIONI A STATUTO ORDINARIO SU OPERAZIONI DI INDEBITAMENTO ATTIVATE NELL'ANNO 2015.;NON RIMODULABILE;1;TITOLO I - SPESE CORRENTI;4;TRASFERIMENTI CORRENTI AD AMMINISTRAZIONI PUBBLICHE;4.2.1;034;Debito pubblico;001;Oneri per il servizio del debito statale;7;ONERI DEL DEBITO PUBBLICO;3;DIPARTIMENTO DEL TESORO;100000000;0.00;0.00;0.00;0.00;0.00;0.00;0.00;0.00;100000000.00;100000000.00;0.00;100000000.00;0.00;0.00;100000000.00;100000000.00;0.00;100000000.00;100000000.00;0.00
2015;2;02;MINISTERO DELL'ECONOMIA E DELLE FINANZE;26;01;2221;INTERESSI SUI BUONI POSTALI FRUTTIFERI;NON RIMODULABILE;1;TITOLO I - SPESE CORRENTI;9;INTERESSI PASSIVI E REDDITI DA CAPITALE;9.1.2;034;Debito pubblico;001;Oneri per il servizio del debito statale;7;ONERI DEL DEBITO PUBBLICO;3;DIPARTIMENTO DEL TESORO;12000000;6104000000.00;6704800000.00;6704800000.00;6104000000.00;6704800000.00;6704800000.00;0.00;19300000.00;12000000.00;6000000.00;19300000.00;6000000.00;0.00;6123300000.00;6716800000.00;6710800000.00;6123300000.00;6716800000.00;6710800000.00;0.00
2015;2;02;MINISTERO DELL'ECONOMIA E DELLE FINANZE;28;01;8000;FONDO PER LO SVILUPPO E LA COESIONE;RIMODULABILE;2;TITOLO II - SPESE IN CONTO CAPITALE;22;CONTRIBUTI AGLI INVESTIMENTI;22.1.1;028;Sviluppo e riequilibrio territoriale;004;Sostegno alle politiche nazionali e comunitarie rivolte a promuovere la crescita ed il superamento degli squilibri socio-economici territoriali;3;INVESTIMENTI;4;DIPARTIMENTO DELLA RAGIONERIA GENERALE DELLO STATO;0;446300000.00;985200000.00;2481700000.00;446300000.00;985200000.00;2481700000.00;0.00;-40000000.00;0.00;0.00;-40000000.00;0.00;0.00;406300000.00;985200000.00;2481700000.00;406300000.00;985200000.00;2481700000.00;0.00
2015;2;03;MINISTERO DELLO SVILUPPO ECONOMICO;01;03;7350;FINANZIAMENTO DELLE AGEVOLAZIONI IN FAVORE DELLE IMPRESE DELLE ZONE FRANCHE URBANE;RIMODULABILE;2;TITOLO II - SPESE IN CONTO CAPITALE;23;CONTRIBUTI AGLI INVESTIMENTI AD IMPRESE;23.1.1;011;Competitivita' e sviluppo delle imprese;007;Incentivazione del sistema produttivo;3;INVESTIMENTI;11;DIREZIONE GENERALE PER GLI INCENTIVI ALLE IMPRESE;0;0.00;50000000.00;0.00;0.00;50000000.00;0.00;0.00;40000000.00;0.00;0.00;40000000.00;0.00;0.00;40000000.00;50000000.00;0.00;40000000.00;50000000.00;0.00;0.00
2015;2;03;MINISTERO DELLO SVILUPPO ECONOMICO;05;08;3531;SPESE INERENTI LO SVOLGIMENTO DELLE ATTIVITA' DI VIGILANZA E CONTROLLO DELLA SICUREZZA ANCHE AMBIENTALE DEGLI IMPIANTI DI RICERCA E COLTIVAZIONE DEGLI IDROCARBURI IN MARE;RIMODULABILE;1;TITOLO I - SPESE CORRENTI;2;CONSUMI INTERMEDI;2.2.14;010;Energia e diversificazione delle fonti energetiche;008;Sviluppo, innovazione, regolamentazione e gestione delle risorse minerarie ed energetiche;1;FUNZIONAMENTO;9;DIREZIONE GENERALE PER LE RISORSE MINERARIE ED ENERGETICHE;5000000;0.00;0.00;0.00;0.00;0.00;0.00;0.00;5000000.00;5000000.00;5000000.00;5000000.00;5000000.00;0.00;5000000.00;5000000.00;5000000.00;5000000.00;5000000.00;5000000.00;0.00
2015;2;04;MINISTERO DEL LAVORO E DELLE POLITICHE SOCIALI;01;06;2234;CONTRIBUTO STATALE ALLE SPESE DI FUNZIONAMENTO E AI COSTI GENERALI DI STRUTTURA DI ITALIA LAVORO S.P.A.;RIMODULABILE;1;TITOLO I - SPESE CORRENTI;4;TRASFERIMENTI CORRENTI AD AMMINISTRAZIONI PUBBLICHE;4.1.2;026;Politiche per il lavoro;007;Coordinamento e integrazione delle politiche del lavoro e delle politiche sociali, innovazione e coordinamento amministrativo;2;INTERVENTI;2;SEGRETARIATO GENERALE;0;0.00;0.00;0.00;0.00;0.00;0.00;0.00;12000000.00;0.00;0.00;12000000.00;0.00;0.00;12000000.00;0.00;0.00;12000000.00;0.00;0.00;0.00
2015;2;04;MINISTERO DEL LAVORO E DELLE POLITICHE SOCIALI;02;02;4330;FONDO PER IL FINANZIAMENTO DI SGRAVI CONTRIBUTIVI PER INCENTIVARE LA CONTRATTAZIONE DI SECONDO LIVELLO;NON RIMODULABILE;1;TITOLO I - SPESE CORRENTI;4;TRASFERIMENTI CORRENTI AD AMMINISTRAZIONI PUBBLICHE;4.3.1;025;Politiche previdenziali;003;Previdenza obbligatoria e complementare, assicurazioni sociali;2;INTERVENTI;8;DIREZIONE GENERALE PER LE POLITICHE PREVIDENZIALI E ASSICURATIVE;0;361000000.00;383000000.00;362000000.00;361000000.00;383000000.00;362000000.00;650000000.00;30000000.00;0.00;0.00;30000000.00;0.00;0.00;391000000.00;383000000.00;362000000.00;391000000.00;383000000.00;362000000.00;650000000.00
2015;2;04;MINISTERO DEL LAVORO E DELLE POLITICHE SOCIALI;02;02;4331;FINANZIAMENTO DEGLI ISTITUTI DI PATRONATO E DI ASSISTENZA SOCIALE;NON RIMODULABILE;1;TITOLO I - SPESE CORRENTI;5;TRASFERIMENTI CORRENTI A FAMIGLIE E ISTITUZIONI SOCIALI PRIVATE;5.3.2;025;Politiche previdenziali;003;Previdenza obbligatoria e complementare, assicurazioni sociali;2;INTERVENTI;8;DIREZIONE GENERALE PER LE POLITICHE PREVIDENZIALI E ASSICURATIVE;40000000;251263244.00;251263244.00;251263244.00;251263244.00;251263244.00;251263244.00;24505361.00;40000000.00;40000000.00;40000000.00;40000000.00;40000000.00;0.00;291263244.00;291263244.00;291263244.00;291263244.00;291263244.00;291263244.00;24505361.00
2015;2;04;MINISTERO DEL LAVORO E DELLE POLITICHE SOCIALI;02;02;4339;SOMME DA TRASFERIRE ALL'INPS A TITOLO DI ANTICIPAZIONI DI BILANCIO SUL FABBISOGNO FINANZIARIO DELLE GESTIONI PREVIDENZIALI NEL LORO COMPLESSO;NON RIMODULABILE;1;TITOLO I - SPESE CORRENTI;4;TRASFERIMENTI CORRENTI AD AMMINISTRAZIONI PUBBLICHE;4.3.1;025;Politiche previdenziali;003;Previdenza obbligatoria e complementare, assicurazioni sociali;2;INTERVENTI;8;DIREZIONE GENERALE PER LE POLITICHE PREVIDENZIALI E ASSICURATIVE;-17999462;7456800000.00;8132470000.00;8272710000.00;7456800000.00;8132470000.00;8272710000.00;0.00;-8999731.00;-17999462.00;-17999462.00;-8999731.00;-17999462.00;0.00;7447800269.00;8114470538.00;8254710538.00;7447800269.00;8114470538.00;8254710538.00;0.00
2015;2;04;MINISTERO DEL LAVORO E DELLE POLITICHE SOCIALI;02;02;4354;ONERI DERIVANTI DA PENSIONAMENTI ANTICIPATI;NON RIMODULABILE;1;TITOLO I - SPESE CORRENTI;4;TRASFERIMENTI CORRENTI AD AMMINISTRAZIONI PUBBLICHE;4.3.1;025;Politiche previdenziali;003;Previdenza obbligatoria e complementare, assicurazioni sociali;2;INTERVENTI;8;DIREZIONE GENERALE PER LE POLITICHE PREVIDENZIALI E ASSICURATIVE;5000000;1480366604.00;1493866604.00;1500466604.00;1480366604.00;1493866604.00;1500466604.00;771551957.00;4200000.00;5000000.00;5000000.00;4200000.00;5000000.00;0.00;1484566604.00;1498866604.00;1505466604.00;1484566604.00;1498866604.00;1505466604.00;771551957.00
2015;2;04;MINISTERO DEL LAVORO E DELLE POLITICHE SOCIALI;02;02;4364;AGEVOLAZIONI CONTRIBUTIVE, SOTTOCONTRIBUZIONI ED ESONERI;NON RIMODULABILE;1;TITOLO I - SPESE CORRENTI;4;TRASFERIMENTI CORRENTI AD AMMINISTRAZIONI PUBBLICHE;4.3.1;025;Politiche previdenziali;003;Previdenza obbligatoria e complementare, assicurazioni sociali;2;INTERVENTI;8;DIREZIONE GENERALE PER LE POLITICHE PREVIDENZIALI E ASSICURATIVE;15000000;1886000000.00;4885000000.00;5030000000.00;1886000000.00;4885000000.00;5030000000.00;0.00;2000000.00;15000000.00;15000000.00;2000000.00;15000000.00;0.00;1888000000.00;4900000000.00;5045000000.00;1888000000.00;4900000000.00;5045000000.00;0.00
2015;2;04;MINISTERO DEL LAVORO E DELLE POLITICHE SOCIALI;02;02;4380;ONERI DERIVANTI DAL PAGAMENTO DELL' INDENNITA' EQUIPOLLENTE AL TFR PER LAVORATORI AUTONOMI E LIBERI PROFESSIONISTI;NON RIMODULABILE;1;TITOLO I - SPESE CORRENTI;4;TRASFERIMENTI CORRENTI AD AMMINISTRAZIONI PUBBLICHE;4.3.1;025;Politiche previdenziali;003;Previdenza obbligatoria e complementare, assicurazioni sociali;2;INTERVENTI;8;DIREZIONE GENERALE PER LE POLITICHE PREVIDENZIALI E ASSICURATIVE;3110000;2400000.00;2400000.00;2400000.00;2400000.00;2400000.00;2400000.00;2400000.00;5699000.00;3110000.00;3357000.00;5699000.00;3357000.00;0.00;8099000.00;5510000.00;5757000.00;8099000.00;5510000.00;5757000.00;2400000.00
2015;2;04;MINISTERO DEL LAVORO E DELLE POLITICHE SOCIALI;04;05;3892;FONDO PER IL DIRITTO AL LAVORO DEI DISABILI;RIMODULABILE;1;TITOLO I - SPESE CORRENTI;4;TRASFERIMENTI CORRENTI AD AMMINISTRAZIONI PUBBLICHE;4.2.1;024;Diritti sociali, politiche sociali e famiglia;012;Trasferimenti assistenziali a enti previdenziali, finanziamento nazionale spesa sociale, programmazione, monitoraggio e valutazione politiche sociali e di inclusione attiva;2;INTERVENTI;9;DIREZIONE GENERALE PER L'INCLUSIONE E LE POLITICHE SOCIALI;20000000;1910107.00;1915742.00;1915742.00;1910107.00;1915742.00;1915742.00;0.00;20000000.00;20000000.00;20000000.00;20000000.00;20000000.00;0.00;21910107.00;21915742.00;21915742.00;21910107.00;21915742.00;21915742.00;0.00
2015;2;05;MINISTERO DELLA GIUSTIZIA;01;02;1550;SPESE RELATIVE AL FUNZIONAMENTO DEGLI UFFICI GIUDIZIARI;RIMODULABILE;1;TITOLO I - SPESE CORRENTI;2;CONSUMI INTERMEDI;2.1.1;006;Giustizia;002;Giustizia civile e penale;1;FUNZIONAMENTO;3;DIPARTIMENTO DELL'ORGANIZZAZIONE GIUDIZIARIA, DEL PERSONALE E DEI SERVIZI;20851934;35000000.00;200317000.00;200317000.00;35000000.00;200317000.00;200317000.00;0.00;88277016.00;20851934.00;109128950.00;88277016.00;109128950.00;0.00;123277016.00;221168934.00;309445950.00;123277016.00;221168934.00;309445950.00;0.00
2015;2;05;MINISTERO DELLA GIUSTIZIA;01;02;1551;CONTRIBUTI AI COMUNI PER LE SPESE DEGLI UFFICI GIUDIZIARI;RIMODULABILE;1;TITOLO I - SPESE CORRENTI;4;TRASFERIMENTI CORRENTI AD AMMINISTRAZIONI PUBBLICHE;4.2.2;006;Giustizia;002;Giustizia civile e penale;2;INTERVENTI;3;DIPARTIMENTO DELL'ORGANIZZAZIONE GIUDIZIARIA, DEL PERSONALE E DEI SERVIZI;-20851934;221009539.00;109128950.00;109128950.00;221009539.00;109128950.00;109128950.00;0.00;-88277016.00;-20851934.00;-109128950.00;-88277016.00;-109128950.00;0.00;132732523.00;88277016.00;0.00;132732523.00;88277016.00;0.00;0.00
2015;2;05;MINISTERO DELLA GIUSTIZIA;01;02;7207;Spese per interventi finalizzati alla realizzazione delle strutture e degli impianti di sicurezza degli Uffici giudiziari aventi sede nel Palazzo di giustizia di Palermo;RIMODULABILE;2;TITOLO II - SPESE IN CONTO CAPITALE;21;INVESTIMENTI FISSI LORDI E ACQUISTI DI TERRENI;21.1.9;006;Giustizia;002;Giustizia civile e penale;3;INVESTIMENTI;3;DIPARTIMENTO DELL'ORGANIZZAZIONE GIUDIZIARIA, DEL PERSONALE E DEI SERVIZI;0;0.00;0.00;0.00;0.00;0.00;0.00;0.00;6000000.00;0.00;0.00;6000000.00;0.00;0.00;6000000.00;0.00;0.00;6000000.00;0.00;0.00;0.00
2015;2;06;MINISTERO DEGLI AFFARI ESTERI E DELLA COOPERAZIONE INTERNAZIONALE;01;02;2306;SPESE DERIVANTI DALL'ESECUZIONE DEGLI ACCORDI TRA UNIONE EUROPEA E GLI STATI DELL'AFRICA, DEI CARAIBI E DEL PACIFICO (ACP), DALLA PARTECIPAZIONE ITALIANA A INIZIATIVE EUROPEE A FAVORE DEI PAESI DELLA POLITICA DI VICINATO, NONCHE' DALL'ADESIONE DELL'ITALIA A CENTRI DI RICERCA EUROPEI SU MATERIE ECONOMICHE E FINANZIARIE;NON RIMODULABILE;1;TITOLO I - SPESE CORRENTI;7;TRASFERIMENTI CORRENTI A ESTERO;7.1.2;004;L'Italia in Europa e nel mondo;002;Cooperazione allo sviluppo;2;INTERVENTI;9;DIREZIONE GENERALE PER LA COOPERAZIONE ALLO SVILUPPO;470000000;0.00;0.00;0.00;0.00;0.00;0.00;0.00;470000000.00;470000000.00;470000000.00;470000000.00;470000000.00;0.00;470000000.00;470000000.00;470000000.00;470000000.00;470000000.00;470000000.00;0.00
2015;2;06;MINISTERO DEGLI AFFARI ESTERI E DELLA COOPERAZIONE INTERNAZIONALE;01;05;4507;CONTRIBUTO VOLONTARIO ALLA FONDAZIONE AUSCHWITZ-BIRKENAU FINALIZZATO AL MANTENIMENTO DELLA STRUTTURA DELL'EX CAMPO DI STERMINIO.;RIMODULABILE;1;TITOLO I - SPESE CORRENTI;7;TRASFERIMENTI CORRENTI A ESTERO;7.1.2;004;L'Italia in Europa e nel mondo;007;Integrazione europea;2;INTERVENTI;20;DIREZIONE GENERALE PER L'UNIONE EUROPEA;0;0.00;0.00;0.00;0.00;0.00;0.00;0.00;1000000.00;0.00;0.00;1000000.00;0.00;0.00;1000000.00;0.00;0.00;1000000.00;0.00;0.00;0.00
2015;2;06;MINISTERO DEGLI AFFARI ESTERI E DELLA COOPERAZIONE INTERNAZIONALE;01;06;3153;CONTRIBUTI IN DENARO, LIBRI E MATERIALE DIDATTICO E RELATIVE SPESE DI SPEDIZIONE AD ENTI, ASSOCIAZIONI E COMITATI PER L'ASSISTENZA EDUCATIVA, SCOLASTICA, CULTURALE, RICREATIVA E SPORTIVA DEI LAVORATORI ITALIANI ALL'ESTERO E DELLE LORO FAMIGLIE.;RIMODULABILE;1;TITOLO I - SPESE CORRENTI;5;TRASFERIMENTI CORRENTI A FAMIGLIE E ISTITUZIONI SOCIALI PRIVATE;5.2.2;004;L'Italia in Europa e nel mondo;008;Italiani nel mondo e politiche migratorie;2;INTERVENTI;11;DIREZIONE GENERALE PER GLI ITALIANI ALL'ESTERO E LE POLITICHE MIGRATORIE;555000;8363796.00;8070548.00;8047126.00;8363796.00;8070548.00;8047126.00;0.00;3555000.00;555000.00;555000.00;3555000.00;555000.00;0.00;11918796.00;8625548.00;8602126.00;11918796.00;8625548.00;8602126.00;0.00
2015;2;06;MINISTERO DEGLI AFFARI ESTERI E DELLA COOPERAZIONE INTERNAZIONALE;01;09;1276;COMPETENZE ACCESSORIE AL PERSONALE AL NETTO DELL'IMPOSTA REGIONALE SULLE ATTIVITA' PRODUTTIVE E DEGLI ONERI SOCIALI A CARICO DELL'AMMINISTRAZIONE;NON RIMODULABILE;1;TITOLO I - SPESE CORRENTI;1;REDDITI DA LAVORO DIPENDENTE;1.1.5;004;L'Italia in Europa e nel mondo;013;Rappresentanza all'estero e servizi ai cittadini e alle imprese;1;FUNZIONAMENTO;5;DIREZIONE GENERALE PER LE RISORSE E L'INNOVAZIONE;17999462;269367015.00;260691764.00;258487220.00;269367015.00;260691764.00;258487220.00;0.00;8999731.00;17999462.00;17999462.00;8999731.00;17999462.00;0.00;278366746.00;278691226.00;276486682.00;278366746.00;278691226.00;276486682.00;0.00
2015;2;07;MINISTERO DELL'ISTRUZIONE, DELL'UNIVERSITA' E DELLA RICERCA;01;01;7105;FONDO UNICO PER L'EDILIZIA SCOLASTICA;RIMODULABILE;2;TITOLO II - SPESE IN CONTO CAPITALE;22;CONTRIBUTI AGLI INVESTIMENTI;22.2.1;022;Istruzione scolastica;001;Programmazione e coordinamento dell'istruzione scolastica;3;INVESTIMENTI;4;DIPARTIMENTO PER LA PROGRAMMAZIONE E LA GESTIONE DELLE RISORSE UMANE, FINANZIARIE E STRUMENTALI;0;0.00;0.00;0.00;0.00;0.00;0.00;0.00;5000000.00;0.00;0.00;5000000.00;0.00;0.00;5000000.00;0.00;0.00;5000000.00;0.00;0.00;0.00
2015;2;07;MINISTERO DELL'ISTRUZIONE, DELL'UNIVERSITA' E DELLA RICERCA;01;02;1195;FONDO PER IL FUNZIONAMENTO DELLE ISTITUZIONI SCOLASTICHE;RIMODULABILE;1;TITOLO I - SPESE CORRENTI;2;CONSUMI INTERMEDI;2.1.1;022;Istruzione scolastica;002;Istruzione prescolastica;1;FUNZIONAMENTO;4;DIPARTIMENTO PER LA PROGRAMMAZIONE E LA GESTIONE DELLE RISORSE UMANE, FINANZIARIE E STRUMENTALI;0;0.00;0.00;0.00;0.00;0.00;0.00;0.00;27584834.00;0.00;0.00;27584834.00;0.00;0.00;27584834.00;0.00;0.00;27584834.00;0.00;0.00;0.00
2015;2;07;MINISTERO DELL'ISTRUZIONE, DELL'UNIVERSITA' E DELLA RICERCA;01;03;1204;FONDO PER IL FUNZIONAMENTO DELLE ISTITUZIONI SCOLASTICHE;RIMODULABILE;1;TITOLO I - SPESE CORRENTI;2;CONSUMI INTERMEDI;2.1.1;022;Istruzione scolastica;011;Istruzione primaria;1;FUNZIONAMENTO;4;DIPARTIMENTO PER LA PROGRAMMAZIONE E LA GESTIONE DELLE RISORSE UMANE, FINANZIARIE E STRUMENTALI;0;0.00;0.00;0.00;0.00;0.00;0.00;0.00;33943615.00;0.00;0.00;33943615.00;0.00;0.00;33943615.00;0.00;0.00;33943615.00;0.00;0.00;0.00
2015;2;07;MINISTERO DELL'ISTRUZIONE, DELL'UNIVERSITA' E DELLA RICERCA;01;04;1196;FONDO PER IL FUNZIONAMENTO DELLE ISTITUZIONI SCOLASTICHE;RIMODULABILE;1;TITOLO I - SPESE CORRENTI;2;CONSUMI INTERMEDI;2.1.1;022;Istruzione scolastica;012;Istruzione secondaria di primo grado;1;FUNZIONAMENTO;4;DIPARTIMENTO PER LA PROGRAMMAZIONE E LA GESTIONE DELLE RISORSE UMANE, FINANZIARIE E STRUMENTALI;0;0.00;0.00;0.00;0.00;0.00;0.00;0.00;18663283.00;0.00;0.00;18663283.00;0.00;0.00;18663283.00;0.00;0.00;18663283.00;0.00;0.00;0.00
2015;2;07;MINISTERO DELL'ISTRUZIONE, DELL'UNIVERSITA' E DELLA RICERCA;01;05;1194;FONDO PER IL FUNZIONAMENTO DELLE ISTITUZIONI SCOLASTICHE;RIMODULABILE;1;TITOLO I - SPESE CORRENTI;2;CONSUMI INTERMEDI;2.1.1;022;Istruzione scolastica;013;Istruzione secondaria di secondo grado;1;FUNZIONAMENTO;4;DIPARTIMENTO PER LA PROGRAMMAZIONE E LA GESTIONE DELLE RISORSE UMANE, FINANZIARIE E STRUMENTALI;0;0.00;0.00;0.00;0.00;0.00;0.00;0.00;49808268.00;0.00;0.00;49808268.00;0.00;0.00;49808268.00;0.00;0.00;49808268.00;0.00;0.00;0.00
2015;2;07;MINISTERO DELL'ISTRUZIONE, DELL'UNIVERSITA' E DELLA RICERCA;01;05;1194;FONDO PER IL FUNZIONAMENTO DELLE ISTITUZIONI SCOLASTICHE;RIMODULABILE;1;TITOLO I - SPESE CORRENTI;2;CONSUMI INTERMEDI;2.1.1;022;Istruzione scolastica;013;Istruzione secondaria di secondo grado;1;FUNZIONAMENTO;4;DIPARTIMENTO PER LA PROGRAMMAZIONE E LA GESTIONE DELLE RISORSE UMANE, FINANZIARIE E STRUMENTALI;0;105014110.00;102686868.00;102686868.00;105014110.00;102686868.00;102686868.00;0.00;-16000000.00;0.00;0.00;-16000000.00;0.00;0.00;89014110.00;102686868.00;102686868.00;89014110.00;102686868.00;102686868.00;0.00
2015;2;07;MINISTERO DELL'ISTRUZIONE, DELL'UNIVERSITA' E DELLA RICERCA;02;01;1696;CONTRIBUTO A FAVORE DEI COLLEGI UNIVERSITARI LEGALMENTE RICONOSCIUTI PER LO SVOLGIMENTO DI ATTIVITA' CULTURALE A CARATTERE NAZIONALE ED INTERNAZIONALE E FINANZIAMENTO DELLE FUNZIONI DELEGATE ALLA REGIONE AUTONOMA SARDEGNA IN MATERIA DI DIRITTO ALLO STUDIO;RIMODULABILE;1;TITOLO I - SPESE CORRENTI;4;TRASFERIMENTI CORRENTI AD AMMINISTRAZIONI PUBBLICHE;4.2.5;023;Istruzione universitaria e formazione post-universitaria;001;Diritto allo studio nell'istruzione universitaria;2;INTERVENTI;3;DIPARTIMENTO PER LA FORMAZIONE SUPERIORE E PER LA RICERCA;4000000;12715358.00;13840563.00;8840563.00;12715358.00;13840563.00;8840563.00;0.00;4000000.00;4000000.00;4000000.00;4000000.00;4000000.00;0.00;16715358.00;17840563.00;12840563.00;16715358.00;17840563.00;12840563.00;0.00
2015;2;07;MINISTERO DELL'ISTRUZIONE, DELL'UNIVERSITA' E DELLA RICERCA;02;02;1781;CONTRIBUTI AGLI ISTITUTI SUPERIORI DI STUDI MUSICALI NON STATALI;RIMODULABILE;1;TITOLO I - SPESE CORRENTI;5;TRASFERIMENTI CORRENTI A FAMIGLIE E ISTITUZIONI SOCIALI PRIVATE;5.3.2;023;Istruzione universitaria e formazione post-universitaria;002;Istituti di alta cultura;2;INTERVENTI;3;DIPARTIMENTO PER LA FORMAZIONE SUPERIORE E PER LA RICERCA;0;0.00;0.00;0.00;0.00;0.00;0.00;0.00;5000000.00;0.00;0.00;5000000.00;0.00;0.00;5000000.00;0.00;0.00;5000000.00;0.00;0.00;0.00
2015;2;07;MINISTERO DELL'ISTRUZIONE, DELL'UNIVERSITA' E DELLA RICERCA;02;02;1782;CONTRIBUTI ALLE ACCADEMIE NON STATALI DI BELLE ARTI;RIMODULABILE;1;TITOLO I - SPESE CORRENTI;5;TRASFERIMENTI CORRENTI A FAMIGLIE E ISTITUZIONI SOCIALI PRIVATE;5.3.2;023;Istruzione universitaria e formazione post-universitaria;002;Istituti di alta cultura;2;INTERVENTI;3;DIPARTIMENTO PER LA FORMAZIONE SUPERIORE E PER LA RICERCA;0;0.00;0.00;0.00;0.00;0.00;0.00;0.00;1000000.00;0.00;0.00;1000000.00;0.00;0.00;1000000.00;0.00;0.00;1000000.00;0.00;0.00;0.00
2015;2;07;MINISTERO DELL'ISTRUZIONE, DELL'UNIVERSITA' E DELLA RICERCA;02;03;1694;FONDO PER IL FINANZIAMENTO ORDINARIO DELLE UNIVERSITA' E DEI CONSORZI INTERUNIVERSITARI RELATIVO ALLE SPESE DI FUNZIONAMENTO, IVI COMPRESE QUELLE PER IL PERSONALE DOCENTE,NON DOCENTE E PER I RICERCATORI E PER LA RICERCA SCIENTIFICA;RIMODULABILE;1;TITOLO I - SPESE CORRENTI;4;TRASFERIMENTI CORRENTI AD AMMINISTRAZIONI PUBBLICHE;4.2.5;023;Istruzione universitaria e formazione post-universitaria;003;Sistema universitario e formazione post-universitaria;2;INTERVENTI;3;DIPARTIMENTO PER LA FORMAZIONE SUPERIORE E PER LA RICERCA;5000000;6899830845.00;6872552509.00;6832350509.00;6899830845.00;6872552509.00;6832350509.00;0.00;5000000.00;5000000.00;5000000.00;5000000.00;5000000.00;0.00;6904830845.00;6877552509.00;6837350509.00;6904830845.00;6877552509.00;6837350509.00;0.00
2015;2;07;MINISTERO DELL'ISTRUZIONE, DELL'UNIVERSITA' E DELLA RICERCA;03;04;7236;FONDO ORDINARIO PER GLI ENTI E LE ISTITUZIONI DI RICERCA;RIMODULABILE;2;TITOLO II - SPESE IN CONTO CAPITALE;22;CONTRIBUTI AGLI INVESTIMENTI;22.1.3;017;Ricerca e innovazione;022;Ricerca scientifica e tecnologica di base e applicata;3;INVESTIMENTI;3;DIPARTIMENTO PER LA FORMAZIONE SUPERIORE E PER LA RICERCA;0;0.00;0.00;0.00;0.00;0.00;0.00;0.00;10000000.00;0.00;0.00;10000000.00;0.00;0.00;10000000.00;0.00;0.00;10000000.00;0.00;0.00;0.00
2015;2;07;MINISTERO DELL'ISTRUZIONE, DELL'UNIVERSITA' E DELLA RICERCA;03;04;7236;FONDO ORDINARIO PER GLI ENTI E LE ISTITUZIONI DI RICERCA;RIMODULABILE;2;TITOLO II - SPESE IN CONTO CAPITALE;22;CONTRIBUTI AGLI INVESTIMENTI;22.1.3;017;Ricerca e innovazione;022;Ricerca scientifica e tecnologica di base e applicata;3;INVESTIMENTI;3;DIPARTIMENTO PER LA FORMAZIONE SUPERIORE E PER LA RICERCA;10000000;0.00;0.00;0.00;0.00;0.00;0.00;0.00;10000000.00;10000000.00;10000000.00;10000000.00;10000000.00;0.00;10000000.00;10000000.00;10000000.00;10000000.00;10000000.00;10000000.00;0.00
2015;2;07;MINISTERO DELL'ISTRUZIONE, DELL'UNIVERSITA' E DELLA RICERCA;03;04;7238;SPESA PER LA PARTECIPAZIONE ITALIANA AI PROGRAMMI DELL'AGENZIA SPAZIALE EUROPEA E PER I PROGRAMMI SPAZIALI NAZIONALI DI RILEVANZA STRATEGICA;NON RIMODULABILE;2;TITOLO II - SPESE IN CONTO CAPITALE;22;CONTRIBUTI AGLI INVESTIMENTI;22.1.3;017;Ricerca e innovazione;022;Ricerca scientifica e tecnologica di base e applicata;3;INVESTIMENTI;3;DIPARTIMENTO PER LA FORMAZIONE SUPERIORE E PER LA RICERCA;30000000;0.00;0.00;0.00;0.00;0.00;0.00;0.00;30000000.00;30000000.00;30000000.00;30000000.00;30000000.00;0.00;30000000.00;30000000.00;30000000.00;30000000.00;30000000.00;30000000.00;0.00
2015;2;08;MINISTERO DELL'INTERNO;02;03;1322;TRASFERIMENTI COMPENSATIVI DI MINORI INTROITI A TITOLO DI ADDIZIONALE COMUNALE ALL'IRPEF CONSEGUENTI A PROVVEDIMENTI NORMATIVI MODIFICATIVI DELLA DISCIPLINA DELL'IRPEF.;NON RIMODULABILE;1;TITOLO I - SPESE CORRENTI;4;TRASFERIMENTI CORRENTI AD AMMINISTRAZIONI PUBBLICHE;4.2.2;003;Relazioni finanziarie con le autonomie territoriali;003;"Elaborazione, quantificazione, e assegnazione dei trasferimenti erariali; determinazione dei rimborsi agli enti locali anche in via perequativa";2;INTERVENTI;2;DIPARTIMENTO PER GLI AFFARI INTERNI E TERRITORIALI;-3800000;20440000.00;36490000.00;25670000.00;20440000.00;36490000.00;25670000.00;0.00;0.00;-3800000.00;-3200000.00;0.00;-3200000.00;0.00;20440000.00;32690000.00;22470000.00;20440000.00;32690000.00;22470000.00;0.00
2015;2;08;MINISTERO DELL'INTERNO;02;03;1360;CONTRIBUTO STRAORDINARIO AL COMUNE ED ALLA PROVINCIA DI L'AQUILA ED AGLI ALTRI COMUNI COLPITI DAL SISMA DEL 2009 AL FINE DI CONCORRERE AD ASSICURARE LA STABILITA' DELL'EQUILIBRIO FINANZIARIO E LA CONTINUITA' DEL SERVIZIO DI SMALTIMENTO DEI RIFIUTI SOLIDI URBANI;RIMODULABILE;1;TITOLO I - SPESE CORRENTI;4;TRASFERIMENTI CORRENTI AD AMMINISTRAZIONI PUBBLICHE;4.2.2;003;Relazioni finanziarie con le autonomie territoriali;003;"Elaborazione, quantificazione, e assegnazione dei trasferimenti erariali; determinazione dei rimborsi agli enti locali anche in via perequativa";2;INTERVENTI;2;DIPARTIMENTO PER GLI AFFARI INTERNI E TERRITORIALI;0;0.00;0.00;0.00;0.00;0.00;0.00;0.00;21000000.00;0.00;0.00;21000000.00;0.00;0.00;21000000.00;0.00;0.00;21000000.00;0.00;0.00;0.00
2015;2;08;MINISTERO DELL'INTERNO;02;03;1362;CONTRIBUTO STRAORDINARIO PER L'ESENZIONE, DALL'APPLICAZIONE DELLA TASI, DEI FABBRICATI DISRUTTI O OGGETTO DI ORDINANZE SINDACALI DI SGOMBERO IN QUANTO TOTALMENTE O PARZIALMENTE INAGIBILI, UBICATI NELLE ZONE COLPITE DAL SISMA DEL 6 APRILE 2009;RIMODULABILE;1;TITOLO I - SPESE CORRENTI;4;TRASFERIMENTI CORRENTI AD AMMINISTRAZIONI PUBBLICHE;4.2.2;003;Relazioni finanziarie con le autonomie territoriali;003;"Elaborazione, quantificazione, e assegnazione dei trasferimenti erariali; determinazione dei rimborsi agli enti locali anche in via perequativa";2;INTERVENTI;2;DIPARTIMENTO PER GLI AFFARI INTERNI E TERRITORIALI;500000;0.00;0.00;0.00;0.00;0.00;0.00;0.00;500000.00;500000.00;500000.00;500000.00;500000.00;0.00;500000.00;500000.00;500000.00;500000.00;500000.00;500000.00;0.00
2015;2;08;MINISTERO DELL'INTERNO;02;03;1368;CONTRIBUTO AI COMUNI PER IL RIMBORSO DEL MINOR GETTITO DELL'IMPOSTA MUNICIPALE PROPRIA DERIVANTE DA MODIFICHE NORMATIVE ALLA DISCIPLINA DELL'IMPOSTA;RIMODULABILE;1;TITOLO I - SPESE CORRENTI;4;TRASFERIMENTI CORRENTI AD AMMINISTRAZIONI PUBBLICHE;4.2.2;003;Relazioni finanziarie con le autonomie territoriali;003;"Elaborazione, quantificazione, e assegnazione dei trasferimenti erariali; determinazione dei rimborsi agli enti locali anche in via perequativa";2;INTERVENTI;2;DIPARTIMENTO PER GLI AFFARI INTERNI E TERRITORIALI;0;186406718.00;186406718.00;186406718.00;186406718.00;186406718.00;186406718.00;0.00;8600000.00;0.00;0.00;8600000.00;0.00;0.00;195006718.00;186406718.00;186406718.00;195006718.00;186406718.00;186406718.00;0.00
2015;2;08;MINISTERO DELL'INTERNO;03;01;2501;COMPETENZE FISSE E ACCESSORIE AL PERSONALE DELLA POLIZIA DI STATO AL NETTO DELL'IMPOSTA REGIONALE DELLE ATTIVITÀ PRODUTTIVE;NON RIMODULABILE;1;TITOLO I - SPESE CORRENTI;1;REDDITI DA LAVORO DIPENDENTE;1.1.1;007;Ordine pubblico e sicurezza;008;Contrasto al crimine, tutela dell'ordine e della sicurezza pubblica;1;FUNZIONAMENTO;5;DIPARTIMENTO DELLA PUBBLICA SICUREZZA;-496632;1010556062.00;1000675833.00;990042322.00;1010556062.00;1000675833.00;990042322.00;0.00;-496632.00;-496632.00;-496632.00;-496632.00;-496632.00;0.00;1010059430.00;1000179201.00;989545690.00;1010059430.00;1000179201.00;989545690.00;0.00
2015;2;08;MINISTERO DELL'INTERNO;03;01;2501;COMPETENZE FISSE E ACCESSORIE AL PERSONALE DELLA POLIZIA DI STATO AL NETTO DELL'IMPOSTA REGIONALE DELLE ATTIVITÀ PRODUTTIVE;NON RIMODULABILE;1;TITOLO I - SPESE CORRENTI;1;REDDITI DA LAVORO DIPENDENTE;1.1.1;007;Ordine pubblico e sicurezza;008;Contrasto al crimine, tutela dell'ordine e della sicurezza pubblica;1;FUNZIONAMENTO;5;DIPARTIMENTO DELLA PUBBLICA SICUREZZA;637910;3323680158.00;3293979639.00;3261029019.00;3323680158.00;3293979639.00;3261029019.00;0.00;637910.00;637910.00;637910.00;637910.00;637910.00;0.00;3324318068.00;3294617549.00;3261666929.00;3324318068.00;3294617549.00;3261666929.00;0.00
2015;2;08;MINISTERO DELL'INTERNO;03;01;2522;SOMME DOVUTE A TITOLO DI IMPOSTA REGIONALE SULLE ATTIVITA' PRODUTTIVE SULLE RETRIBUZIONI CORRISPOSTE AL PERSONALE DELLA POLIZIA DI STATO.;NON RIMODULABILE;1;TITOLO I - SPESE CORRENTI;3;IMPOSTE PAGATE SULLA PRODUZIONE;3.1.1;007;Ordine pubblico e sicurezza;008;Contrasto al crimine, tutela dell'ordine e della sicurezza pubblica;1;FUNZIONAMENTO;5;DIPARTIMENTO DELLA PUBBLICA SICUREZZA;-141278;280000408.00;277475872.00;274675067.00;280000408.00;277475872.00;274675067.00;0.00;-141278.00;-141278.00;-141278.00;-141278.00;-141278.00;0.00;279859130.00;277334594.00;274533789.00;279859130.00;277334594.00;274533789.00;0.00
2015;2;08;MINISTERO DELL'INTERNO;03;03;7506;SPESE PER L'ACQUISIZIONE DI UN SERVIZIO DI TELECOMUNICAZIONE IN STANDARD TETRA PER LE ESIGENZE DELLE FORZE DI POLIZIA;RIMODULABILE;2;TITOLO II - SPESE IN CONTO CAPITALE;21;INVESTIMENTI FISSI LORDI E ACQUISTI DI TERRENI;21.1.9;007;Ordine pubblico e sicurezza;010;Pianificazione e coordinamento Forze di polizia;3;INVESTIMENTI;5;DIPARTIMENTO DELLA PUBBLICA SICUREZZA;25000000;39469700.00;39984497.00;39609953.00;39469700.00;39984497.00;39609953.00;61882606.00;25000000.00;25000000.00;25000000.00;25000000.00;25000000.00;0.00;64469700.00;64984497.00;64609953.00;64469700.00;64984497.00;64609953.00;61882606.00
2015;2;08;MINISTERO DELL'INTERNO;05;01;2316;CONTRIBUTI ED ALTRI INTERVENTI;RIMODULABILE;1;TITOLO I - SPESE CORRENTI;5;TRASFERIMENTI CORRENTI A FAMIGLIE E ISTITUZIONI SOCIALI PRIVATE;5.3.2;027;Immigrazione, accoglienza e garanzia dei diritti;002;Flussi migratori, garanzia dei diritti e interventi per lo sviluppo della coesione sociale;2;INTERVENTI;4;DIPARTIMENTO PER LE LIBERTA' CIVILI E L'IMMIGRAZIONE;2000000;54565.00;54308.00;54150.00;54565.00;54308.00;54150.00;0.00;2000000.00;2000000.00;2000000.00;2000000.00;2000000.00;0.00;2054565.00;2054308.00;2054150.00;2054565.00;2054308.00;2054150.00;0.00
2015;2;08;MINISTERO DELL'INTERNO;05;01;2316;CONTRIBUTI ED ALTRI INTERVENTI;RIMODULABILE;1;TITOLO I - SPESE CORRENTI;5;TRASFERIMENTI CORRENTI A FAMIGLIE E ISTITUZIONI SOCIALI PRIVATE;5.3.2;027;Immigrazione, accoglienza e garanzia dei diritti;002;Flussi migratori, garanzia dei diritti e interventi per lo sviluppo della coesione sociale;2;INTERVENTI;4;DIPARTIMENTO PER LE LIBERTA' CIVILI E L'IMMIGRAZIONE;2250000;537321.00;533874.00;531767.00;537321.00;533874.00;531767.00;0.00;2250000.00;2250000.00;2250000.00;2250000.00;2250000.00;0.00;2787321.00;2783874.00;2781767.00;2787321.00;2783874.00;2781767.00;0.00
2015;2;09;MINISTERO DELL'AMBIENTE E DELLA TUTELA DEL TERRITORIO E DEL MARE;01;09;7503;PIANI DISINQUINAMENTO PER IL RECUPERO AMBIENTALE;RIMODULABILE;2;TITOLO II - SPESE IN CONTO CAPITALE;22;CONTRIBUTI AGLI INVESTIMENTI;22.2.1;018;Sviluppo sostenibile e tutela del territorio e dell'ambiente;012;Gestione delle risorse idriche, tutela del territorio e bonifiche;3;INVESTIMENTI;8;DIREZIONE GENERALE PER LA SALVAGUARDIA DEL TERRITORIO E DELLE ACQUE;45000000;0.00;0.00;0.00;0.00;0.00;0.00;0.00;45000000.00;45000000.00;45000000.00;45000000.00;45000000.00;0.00;45000000.00;45000000.00;45000000.00;45000000.00;45000000.00;45000000.00;0.00
2015;2;09;MINISTERO DELL'AMBIENTE E DELLA TUTELA DEL TERRITORIO E DEL MARE;01;10;1644;SPESE PER IL SERVIZIO DI PROTEZIONE DELL'AMBIENTE MARINO, PER IL NOLEGGIO DI MEZZI NAUTICI, AEROMOBILI, MEZZI DI TRASPORTO E DI RIMORCHIO AI FINI DEL CONTROLLO E DELL'INTERVENTO RELATIVI ALLA PREVENZIONE E ALLA LOTTA DELL'INQUINAMENTO DEL MARE, NONCHE' PER LA VALORIZZAZIONE DELLA TUTELA DEL MARE E DELLE SUE RISORSE IVI COMPRESA LA SALVAGUARDIA DEI MAMMIFERI MARINI E DELLE SPECIE MARINE PROTETTE NEL MEDITERRANEO.;RIMODULABILE;1;TITOLO I - SPESE CORRENTI;2;CONSUMI INTERMEDI;2.2.14;018;Sviluppo sostenibile e tutela del territorio e dell'ambiente;013;Tutela e conservazione della fauna e della flora, salvaguardia della biodiversita' e dell'ecosistema marino;2;INTERVENTI;2;DIREZIONE GENERALE PER LA PROTEZIONE DELLA NATURA E DEL MARE;5000000;0.00;0.00;0.00;0.00;0.00;0.00;0.00;5000000.00;5000000.00;5000000.00;5000000.00;5000000.00;0.00;5000000.00;5000000.00;5000000.00;5000000.00;5000000.00;5000000.00;0.00
2015;2;10;MINISTERO DELLE INFRASTRUTTURE E DEI TRASPORTI;01;06;8431;Fondo per la realizzazione di opere di interconnessione di tratte autostradali;RIMODULABILE;2;TITOLO II - SPESE IN CONTO CAPITALE;23;CONTRIBUTI AGLI INVESTIMENTI AD IMPRESE;23.1.1;014;Infrastrutture pubbliche e logistica;009;Sicurezza, vigilanza e regolamentazione in materia di opere pubbliche e delle costruzioni;3;INVESTIMENTI;5;CONSIGLIO SUPERIORE DEI LAVORI PUBBLICI;0;0.00;0.00;0.00;0.00;0.00;0.00;0.00;0.00;0.00;20000000.00;0.00;20000000.00;0.00;0.00;0.00;20000000.00;0.00;0.00;20000000.00;0.00
2015;2;10;MINISTERO DELLE INFRASTRUTTURE E DEI TRASPORTI;01;07;7531;SPESE PER LA TUTELA E LA PROMOZINE DEL PATRIMONIO CULTURALE E STORICO;RIMODULABILE;2;TITOLO II - SPESE IN CONTO CAPITALE;21;INVESTIMENTI FISSI LORDI E ACQUISTI DI TERRENI;21.1.9;014;Infrastrutture pubbliche e logistica;010;Opere strategiche, edilizia statale ed interventi speciali e per pubbliche calamita';3;INVESTIMENTI;2;DIPARTIMENTO PER LE INFRASTRUTTURE, I SISTEMI INFORMATIVI E STATISTICI;0;0.00;0.00;0.00;0.00;0.00;0.00;0.00;5500000.00;0.00;0.00;5500000.00;0.00;0.00;5500000.00;0.00;0.00;5500000.00;0.00;0.00;0.00
2015;2;10;MINISTERO DELLE INFRASTRUTTURE E DEI TRASPORTI;01;07;7685;FONDO PER LA RIPARTIZIONE DELLE QUOTE ANNUALI DI LIMITI DI IMPEGNO E DI CONTRIBUTI PLURIENNALI REVOCATI;RIMODULABILE;2;TITOLO II - SPESE IN CONTO CAPITALE;26;ALTRI TRASFERIMENTI IN CONTO CAPITALE;26.4.3;014;Infrastrutture pubbliche e logistica;010;Opere strategiche, edilizia statale ed interventi speciali e per pubbliche calamita';3;INVESTIMENTI;2;DIPARTIMENTO PER LE INFRASTRUTTURE, I SISTEMI INFORMATIVI E STATISTICI;-6277000;14122142.00;24302402.00;24301402.00;14122142.00;24302402.00;24301402.00;1057667.00;-6277000.00;-6277000.00;-6277000.00;-6277000.00;-6277000.00;0.00;7845142.00;18025402.00;18024402.00;7845142.00;18025402.00;18024402.00;1057667.00
2015;2;10;MINISTERO DELLE INFRASTRUTTURE E DEI TRASPORTI;01;07;7695;SPESE PER LA REALIZZAZIONE DELLE OPERE E DELLE ATTIVITA' CONNESSE ALLO SVOLGIMENTO DEL GRANDE EVENTO EXPO MILANO;RIMODULABILE;2;TITOLO II - SPESE IN CONTO CAPITALE;21;INVESTIMENTI FISSI LORDI E ACQUISTI DI TERRENI;21.1.4;014;Infrastrutture pubbliche e logistica;010;Opere strategiche, edilizia statale ed interventi speciali e per pubbliche calamita';3;INVESTIMENTI;2;DIPARTIMENTO PER LE INFRASTRUTTURE, I SISTEMI INFORMATIVI E STATISTICI;7500000;883312.00;0.00;0.00;883312.00;0.00;0.00;0.00;7500000.00;7500000.00;0.00;7500000.00;0.00;0.00;8383312.00;7500000.00;0.00;8383312.00;7500000.00;0.00;0.00
2015;2;10;MINISTERO DELLE INFRASTRUTTURE E DEI TRASPORTI;02;05;7563;Contributo quindicennale per avviare i lavori sulla tratta Andora-Finale Ligure;RIMODULABILE;2;TITOLO II - SPESE IN CONTO CAPITALE;23;CONTRIBUTI AGLI INVESTIMENTI AD IMPRESE;23.1.1;013;Diritto alla mobilita' e sviluppo dei sistemi di trasporto;005;Sistemi ferroviari, sviluppo e sicurezza del trasporto ferroviario;3;INVESTIMENTI;3;DIPARTIMENTO PER I TRASPORTI, LA NAVIGAZIONE, GLI AFFARI GENERALI ED IL PERSONALE;15000000;0.00;0.00;0.00;0.00;0.00;0.00;0.00;0.00;15000000.00;15000000.00;0.00;15000000.00;0.00;0.00;15000000.00;15000000.00;0.00;15000000.00;15000000.00;0.00
2015;2;10;MINISTERO DELLE INFRASTRUTTURE E DEI TRASPORTI;02;06;7255;SPESE PER IL POTENZIAMENTO DEL TRASPORTO MARITTIMO PASSEGGERI NELLO STRETTO DI MESSINA;RIMODULABILE;2;TITOLO II - SPESE IN CONTO CAPITALE;23;CONTRIBUTI AGLI INVESTIMENTI AD IMPRESE;23.1.1;013;Diritto alla mobilita' e sviluppo dei sistemi di trasporto;009;Sviluppo e sicurezza della navigazione e del trasporto marittimo e per vie d'acqua interne;3;INVESTIMENTI;3;DIPARTIMENTO PER I TRASPORTI, LA NAVIGAZIONE, GLI AFFARI GENERALI ED IL PERSONALE;10000000;0.00;0.00;0.00;0.00;0.00;0.00;1532655.55;10000000.00;10000000.00;10000000.00;10000000.00;10000000.00;0.00;10000000.00;10000000.00;10000000.00;10000000.00;10000000.00;10000000.00;1532655.55
2015;2;10;MINISTERO DELLE INFRASTRUTTURE E DEI TRASPORTI;02;06;7264;FONDO PER IL FINANZIAMENTO DEGLI INTERVENTI DI ADEGUAMENTO DEI PORTI;RIMODULABILE;2;TITOLO II - SPESE IN CONTO CAPITALE;22;CONTRIBUTI AGLI INVESTIMENTI;22.2.4;013;Diritto alla mobilita' e sviluppo dei sistemi di trasporto;009;Sviluppo e sicurezza della navigazione e del trasporto marittimo e per vie d'acqua interne;3;INVESTIMENTI;3;DIPARTIMENTO PER I TRASPORTI, LA NAVIGAZIONE, GLI AFFARI GENERALI ED IL PERSONALE;-20000000;87000000.00;89000000.00;89000000.00;87000000.00;89000000.00;89000000.00;90000000.00;-20000000.00;-20000000.00;-20000000.00;-20000000.00;-20000000.00;0.00;67000000.00;69000000.00;69000000.00;67000000.00;69000000.00;69000000.00;90000000.00
2015;2;10;MINISTERO DELLE INFRASTRUTTURE E DEI TRASPORTI;02;06;7600;Spese per il miglioramento della competitività dei porti italiani e l'efficienza del trasferimento ferroviario e modale all'interno dei sistemi portuali;RIMODULABILE;2;TITOLO II - SPESE IN CONTO CAPITALE;22;CONTRIBUTI AGLI INVESTIMENTI;22.2.4;013;Diritto alla mobilita' e sviluppo dei sistemi di trasporto;009;Sviluppo e sicurezza della navigazione e del trasporto marittimo e per vie d'acqua interne;3;INVESTIMENTI;3;DIPARTIMENTO PER I TRASPORTI, LA NAVIGAZIONE, GLI AFFARI GENERALI ED IL PERSONALE;20000000;0.00;0.00;0.00;0.00;0.00;0.00;0.00;20000000.00;20000000.00;20000000.00;20000000.00;20000000.00;0.00;20000000.00;20000000.00;20000000.00;20000000.00;20000000.00;20000000.00;0.00
2015;2;10;MINISTERO DELLE INFRASTRUTTURE E DEI TRASPORTI;02;06;7604;CONTRIBUTI PER PROGETTI INNOVATIVI DI PRODOTTI E PROCESSI NELL'AMBITO NAVALE;RIMODULABILE;2;TITOLO II - SPESE IN CONTO CAPITALE;23;CONTRIBUTI AGLI INVESTIMENTI AD IMPRESE;23.1.1;013;Diritto alla mobilita' e sviluppo dei sistemi di trasporto;009;Sviluppo e sicurezza della navigazione e del trasporto marittimo e per vie d'acqua interne;3;INVESTIMENTI;3;DIPARTIMENTO PER I TRASPORTI, LA NAVIGAZIONE, GLI AFFARI GENERALI ED IL PERSONALE;5000000;0.00;0.00;0.00;0.00;0.00;0.00;0.00;5000000.00;5000000.00;5000000.00;5000000.00;5000000.00;0.00;5000000.00;5000000.00;5000000.00;5000000.00;5000000.00;5000000.00;0.00
2015;2;10;MINISTERO DELLE INFRASTRUTTURE E DEI TRASPORTI;02;07;7251;FONDO PER L'ACQUISTO DI VEICOLI ADIBITI AL MIGLIORAMENTO DEI SERVIZI OFFERTI PER IL TRASPORTO PUBBLICO LOCALE;RIMODULABILE;2;TITOLO II - SPESE IN CONTO CAPITALE;23;CONTRIBUTI AGLI INVESTIMENTI AD IMPRESE;23.1.1;013;Diritto alla mobilita' e sviluppo dei sistemi di trasporto;006;Sviluppo e sicurezza della mobilita' locale;3;INVESTIMENTI;3;DIPARTIMENTO PER I TRASPORTI, LA NAVIGAZIONE, GLI AFFARI GENERALI ED IL PERSONALE;25000000;600000000.00;100000000.00;0.00;600000000.00;100000000.00;0.00;0.00;25000000.00;25000000.00;50000000.00;25000000.00;50000000.00;0.00;625000000.00;125000000.00;50000000.00;625000000.00;125000000.00;50000000.00;0.00
2015;2;10;MINISTERO DELLE INFRASTRUTTURE E DEI TRASPORTI;02;07;7423;Fondo per le reti metropolitane in costruzione in aree metropolitane;RIMODULABILE;2;TITOLO II - SPESE IN CONTO CAPITALE;22;CONTRIBUTI AGLI INVESTIMENTI;22.2.2;013;Diritto alla mobilita' e sviluppo dei sistemi di trasporto;006;Sviluppo e sicurezza della mobilita' locale;3;INVESTIMENTI;3;DIPARTIMENTO PER I TRASPORTI, LA NAVIGAZIONE, GLI AFFARI GENERALI ED IL PERSONALE;20000000;0.00;0.00;0.00;0.00;0.00;0.00;0.00;0.00;20000000.00;84500000.00;0.00;84500000.00;0.00;0.00;20000000.00;84500000.00;0.00;20000000.00;84500000.00;0.00
2015;2;10;MINISTERO DELLE INFRASTRUTTURE E DEI TRASPORTI;03;01;7442;Somme per il Programma di recupero e razionalizzazione degli immobili e alloggi di edilizia residenziale pubblica di proprietà dei Comuni e degli Istituti autonomi per le case popolari, nonché per la realizzazione di alloggi per la locazione temporanea e la realizzazione degli spazi pubblici o riservati alle attività collettive, a verde pubblico o a parcheggi.;RIMODULABILE;2;TITOLO II - SPESE IN CONTO CAPITALE;21;INVESTIMENTI FISSI LORDI E ACQUISTI DI TERRENI;21.1.3;019;Casa e assetto urbanistico;002;Politiche abitative, urbane e territoriali;3;INVESTIMENTI;2;DIPARTIMENTO PER LE INFRASTRUTTURE, I SISTEMI INFORMATIVI E STATISTICI;36277000;0.00;0.00;0.00;0.00;0.00;0.00;0.00;36277000.00;36277000.00;36277000.00;36277000.00;36277000.00;0.00;36277000.00;36277000.00;36277000.00;36277000.00;36277000.00;36277000.00;0.00
2015;2;10;MINISTERO DELLE INFRASTRUTTURE E DEI TRASPORTI;04;01;2043;STIPENDI, ASSEGNI ED ALTRE INDENNITA' MENSILI PREVISTE PER LEGGE AL PERSONALE MILITARE, AL NETTO DELL'IMPOSTA REGIONALE SULLE ATTIVITA' PRODUTTIVE E DEGLI ONERI SOCIALI A CARICO DELL'AMMINISTRAZIONE.;NON RIMODULABILE;1;TITOLO I - SPESE CORRENTI;1;REDDITI DA LAVORO DIPENDENTE;1.1.1;007;Ordine pubblico e sicurezza;007;Sicurezza e controllo nei mari, nei porti e sulle coste;1;FUNZIONAMENTO;4;CAPITANERIE DI PORTO;1807415;257526552.00;257519561.00;257519365.00;257526552.00;257519561.00;257519365.00;660000.00;1800637.00;1807415.00;1807415.00;1800637.00;1807415.00;0.00;259327189.00;259326976.00;259326780.00;259327189.00;259326976.00;259326780.00;660000.00
2015;2;10;MINISTERO DELLE INFRASTRUTTURE E DEI TRASPORTI;04;01;2043;STIPENDI, ASSEGNI ED ALTRE INDENNITA' MENSILI PREVISTE PER LEGGE AL PERSONALE MILITARE, AL NETTO DELL'IMPOSTA REGIONALE SULLE ATTIVITA' PRODUTTIVE E DEGLI ONERI SOCIALI A CARICO DELL'AMMINISTRAZIONE.;NON RIMODULABILE;1;TITOLO I - SPESE CORRENTI;1;REDDITI DA LAVORO DIPENDENTE;1.1.1;007;Ordine pubblico e sicurezza;007;Sicurezza e controllo nei mari, nei porti e sulle coste;1;FUNZIONAMENTO;4;CAPITANERIE DI PORTO;275810;42342322.00;42341254.00;42341222.00;42342322.00;42341254.00;42341222.00;13142905.00;274776.00;275810.00;275810.00;274776.00;275810.00;0.00;42617098.00;42617064.00;42617032.00;42617098.00;42617064.00;42617032.00;13142905.00
2015;2;10;MINISTERO DELLE INFRASTRUTTURE E DEI TRASPORTI;04;01;2043;STIPENDI, ASSEGNI ED ALTRE INDENNITA' MENSILI PREVISTE PER LEGGE AL PERSONALE MILITARE, AL NETTO DELL'IMPOSTA REGIONALE SULLE ATTIVITA' PRODUTTIVE E DEGLI ONERI SOCIALI A CARICO DELL'AMMINISTRAZIONE.;NON RIMODULABILE;1;TITOLO I - SPESE CORRENTI;1;REDDITI DA LAVORO DIPENDENTE;1.1.1;007;Ordine pubblico e sicurezza;007;Sicurezza e controllo nei mari, nei porti e sulle coste;1;FUNZIONAMENTO;4;CAPITANERIE DI PORTO;931093;79317204.00;79313646.00;79313586.00;79317204.00;79313646.00;79313586.00;0.00;927601.00;931093.00;931093.00;927601.00;931093.00;0.00;80244805.00;80244739.00;80244679.00;80244805.00;80244739.00;80244679.00;0.00
2015;2;10;MINISTERO DELLE INFRASTRUTTURE E DEI TRASPORTI;04;01;2050;ONERI SOCIALI A CARICO DELL'AMMINISTRAZIONE SULLE RETRIBUZIONI CORRISPOSTE AL PERSONALE MILITARE;NON RIMODULABILE;1;TITOLO I - SPESE CORRENTI;1;REDDITI DA LAVORO DIPENDENTE;1.3.1;007;Ordine pubblico e sicurezza;007;Sicurezza e controllo nei mari, nei porti e sulle coste;1;FUNZIONAMENTO;4;CAPITANERIE DI PORTO;729465;111716771.00;111713945.00;111713862.00;111716771.00;111713945.00;111713862.00;34311830.00;726730.00;729465.00;729465.00;726730.00;729465.00;0.00;112443501.00;112443410.00;112443327.00;112443501.00;112443410.00;112443327.00;34311830.00
2015;2;10;MINISTERO DELLE INFRASTRUTTURE E DEI TRASPORTI;04;01;2066;SOMME DOVUTE A TITOLO DI IMPOSTA REGIONALE SULLE ATTIVITA' PRODUTTIVE SULLE RETRIBUZIONI CORRISPOSTE AL PERSONALE MILITARE;NON RIMODULABILE;1;TITOLO I - SPESE CORRENTI;3;IMPOSTE PAGATE SULLA PRODUZIONE;3.1.1;007;Ordine pubblico e sicurezza;007;Sicurezza e controllo nei mari, nei porti e sulle coste;1;FUNZIONAMENTO;4;CAPITANERIE DI PORTO;256217;31453580.00;31452595.00;31452571.00;31453580.00;31452595.00;31452571.00;0.00;255256.00;256217.00;256217.00;255256.00;256217.00;0.00;31708836.00;31708812.00;31708788.00;31708836.00;31708812.00;31708788.00;0.00
2015;2;10;MINISTERO DELLE INFRASTRUTTURE E DEI TRASPORTI;07;01;7193;FONDO DI CONTO CAPITALE PER IL FINANZIAMENTO DI NUOVI PROGRAMMI DI SPESA, DI PROGRAMMI GIA' ESISTENTI E PER IL RIPIANO DEI DEBITI FUORI BILANCIO ISTITUITO IN ESITO AL RIACCERTAMENTO STRAORDINARIO DEI RESIDUI PASSIVI AI SENSI DEL DECRETO-LEGGE N. 66/2014;RIMODULABILE;2;TITOLO II - SPESE IN CONTO CAPITALE;26;ALTRI TRASFERIMENTI IN CONTO CAPITALE;26.4.3;033;Fondi da ripartire;001;Fondi da assegnare;10;ONERI COMUNI DI CONTO CAPITALE;3;DIPARTIMENTO PER I TRASPORTI, LA NAVIGAZIONE, GLI AFFARI GENERALI ED IL PERSONALE;-50000000;47766838.00;50000000.00;100000000.00;47766838.00;50000000.00;100000000.00;0.00;-30000000.00;-50000000.00;-100000000.00;-30000000.00;-100000000.00;0.00;17766838.00;0.00;0.00;17766838.00;0.00;0.00;0.00
2015;2;12;MINISTERO DELLA DIFESA;01;06;7120;SPESE PER COSTRUZIONE E ACQUISIZIONE DI IMPIANTI E SISTEMI;RIMODULABILE;2;TITOLO II - SPESE IN CONTO CAPITALE;21;INVESTIMENTI FISSI LORDI E ACQUISTI DI TERRENI;21.1.9;005;Difesa e sicurezza del territorio;006;Pianificazione generale delle Forze Armate e approvvigionamenti militari;3;INVESTIMENTI;3;SEGRETARIATO GENERALE;0;1024285381.00;925715289.00;922220898.00;1253035639.00;925715289.00;922220898.00;587434250.30;200000000.00;0.00;0.00;200000000.00;0.00;0.00;1224285381.00;925715289.00;922220898.00;1453035639.00;925715289.00;922220898.00;587434250.30
2015;2;13;MINISTERO DELLE POLITICHE AGRICOLE ALIMENTARI E FORESTALI;01;02;7100;FONDO PER GLI INVESTIMENTI NEL SETTORE LATTIERO CASEARIO;RIMODULABILE;2;TITOLO II - SPESE IN CONTO CAPITALE;23;CONTRIBUTI AGLI INVESTIMENTI AD IMPRESE;23.1.1;009;Agricoltura, politiche agroalimentari e pesca;002;Politiche europee ed internazionali e dello sviluppo rurale;3;INVESTIMENTI;2;DIPARTIMENTO DELLE POLITICHE EUROPEE E INTERNAZIONALI E DELLO SVILUPPO RURALE;50000000;0.00;0.00;0.00;0.00;0.00;0.00;0.00;8000000.00;50000000.00;50000000.00;8000000.00;50000000.00;0.00;8000000.00;50000000.00;50000000.00;8000000.00;50000000.00;50000000.00;0.00
2015;2;13;MINISTERO DELLE POLITICHE AGRICOLE ALIMENTARI E FORESTALI;01;02;7253;ASSEGNAZIONE ALL'ISMEA - ISTITUTO DI SERVIZI PER IL MERCATO AGRICOLO ALIMENTARE- PER IL FINANZIAMENTO DELLE MISURE AGEVOLATIVE DELL'AUTOIMPRENDITORIALITA' E DELL'AUTO IMPIEGO NEL SETTORE AGRICOLO;NON RIMODULABILE;2;TITOLO II - SPESE IN CONTO CAPITALE;23;CONTRIBUTI AGLI INVESTIMENTI AD IMPRESE;23.1.1;009;Agricoltura, politiche agroalimentari e pesca;002;Politiche europee ed internazionali e dello sviluppo rurale;3;INVESTIMENTI;2;DIPARTIMENTO DELLE POLITICHE EUROPEE E INTERNAZIONALI E DELLO SVILUPPO RURALE;-14900000;0.00;14900000.00;8700000.00;0.00;14900000.00;8700000.00;0.00;0.00;-14900000.00;-8700000.00;0.00;-8700000.00;0.00;0.00;0.00;0.00;0.00;0.00;0.00;0.00
2015;2;13;MINISTERO DELLE POLITICHE AGRICOLE ALIMENTARI E FORESTALI;06;01;7851;FONDO DI CONTO CAPITALE DESTINATO AL RIPIANO DEI DEBITI NEI CONFRONTI DEGLI ENTI TERRITORIALI ISTITUITO IN ESITO AL RIACCERTAMENTO STRAORDINARIO DEI RESIDUI PASSIVI DI CUI AL DECRETO-LEGGE N. 66/2014;RIMODULABILE;2;TITOLO II - SPESE IN CONTO CAPITALE;26;ALTRI TRASFERIMENTI IN CONTO CAPITALE;26.4.3;033;Fondi da ripartire;001;Fondi da assegnare;10;ONERI COMUNI DI CONTO CAPITALE;3;DIPARTIMENTO DELLE POLITICHE COMPETITIVE DELLA QUALITA' AGROALIMENTARE, IPPICHE E DELLA PESCA;-50000000;50000000.00;100000000.00;150000000.00;50000000.00;100000000.00;150000000.00;0.00;-5000000.00;-50000000.00;-50000000.00;-5000000.00;-50000000.00;0.00;45000000.00;50000000.00;100000000.00;45000000.00;50000000.00;100000000.00;0.00
2015;2;14;MINISTERO DEI BENI E DELLE ATTIVITA' CULTURALI E DEL TURISMO;01;10;3631;CONTRIBUTI A ISTITUZIONI SOCIALI;RIMODULABILE;1;TITOLO I - SPESE CORRENTI;5;TRASFERIMENTI CORRENTI A FAMIGLIE E ISTITUZIONI SOCIALI PRIVATE;5.3.2;021;Tutela e valorizzazione dei beni e attivita' culturali e paesaggistici;010;Tutela e valorizzazione dei beni librari, promozione e sostegno del libro e dell'editoria;2;INTERVENTI;6;DIREZIONE GENERALE BIBLIOTECHE E ISTITUTI CULTURALI;2200000;764397.00;766142.00;766142.00;764397.00;766142.00;766142.00;2.00;2200000.00;2200000.00;2200000.00;2200000.00;2200000.00;0.00;2964397.00;2966142.00;2966142.00;2964397.00;2966142.00;2966142.00;2.00
2015;2;14;MINISTERO DEI BENI E DELLE ATTIVITA' CULTURALI E DEL TURISMO;01;10;3631;CONTRIBUTI A ISTITUZIONI SOCIALI;RIMODULABILE;1;TITOLO I - SPESE CORRENTI;5;TRASFERIMENTI CORRENTI A FAMIGLIE E ISTITUZIONI SOCIALI PRIVATE;5.3.2;021;Tutela e valorizzazione dei beni e attivita' culturali e paesaggistici;010;Tutela e valorizzazione dei beni librari, promozione e sostegno del libro e dell'editoria;2;INTERVENTI;6;DIREZIONE GENERALE BIBLIOTECHE E ISTITUTI CULTURALI;50000;80935.00;81120.00;77776.00;80935.00;81120.00;77776.00;0.00;50000.00;50000.00;50000.00;50000.00;50000.00;0.00;130935.00;131120.00;127776.00;130935.00;131120.00;127776.00;0.00
2015;2;15;MINISTERO DELLA SALUTE;01;01;4393;SPESE PER L'ATTIVITA' ED IL FUNZIONAMENTO, IVI COMPRESE LE SPESE DI PERSONALE, DEL CENTRO NAZIONALE PER LA PREVENZIONE E IL CONTROLLO DELLE MALATTIE, CHE OPERA IN COORDINAMENTO CON LE STRUTTURE REGIONALI ATTRAVERSO CONVENZIONI CON L'ISTITUTO SUPERIORE DI SANITA', CON L'ISTITUTO NAZIONALE PER L'ASSICURAZIONE CONTRO GLI INFORTUNI SUL LAVORO, CON GLI ISTITUTI ZOOPROFILATTICI SPERIMENTALI, CON LE UNIVERSITA', CON GLI ISTITUTI DI RICOVERO E CURA A CARATTERE SCIENTIFICO E CON ALTRE STRUTTURE DI ASSISTENZA E DI RICERCA PUBBLICHE E PRIVATE, NONCHE' CON GLI ORGANI DELLA SANITA' MILITARE;RIMODULABILE;1;TITOLO I - SPESE CORRENTI;2;CONSUMI INTERMEDI;2.2.14;020;Tutela della salute;001;Prevenzione e promozione della salute umana ed assistenza sanitaria al personale navigante e aeronavigante;2;INTERVENTI;6;DIREZIONE GENERALE DELLA PREVENZIONE SANITARIA;-150060;10784331.00;11391337.00;12548857.00;10784331.00;11391337.00;12548857.00;28641693.89;-700810.00;-150060.00;-150060.00;-700810.00;-150060.00;0.00;10083521.00;11241277.00;12398797.00;10083521.00;11241277.00;12398797.00;28641693.89
2015;2;15;MINISTERO DELLA SALUTE;01;03;3010;FONDO PER IL CONCORSO AL RIMBORSO ALLE REGIONI PER L'ACQUISTO DEI MEDICINALI INNOVATIVI;NON RIMODULABILE;1;TITOLO I - SPESE CORRENTI;4;TRASFERIMENTI CORRENTI AD AMMINISTRAZIONI PUBBLICHE;4.2.1;020;Tutela della salute;003;Programmazione del Servizio Sanitario Nazionale per l'erogazione dei Livelli Essenziali di Assistenza;2;INTERVENTI;9;DIREZIONE GENERALE DELLA PROGRAMMAZIONE SANITARIA;0;0.00;0.00;0.00;0.00;0.00;0.00;0.00;100000000.00;0.00;0.00;100000000.00;0.00;0.00;100000000.00;0.00;0.00;100000000.00;0.00;0.00;0.00
2015;2;15;MINISTERO DELLA SALUTE;01;07;3443;FONDO OCCORRENTE PER IL FUNZIONAMENTO DELL'ISTITUTO SUPERIORE DI SANITA';RIMODULABILE;1;TITOLO I - SPESE CORRENTI;4;TRASFERIMENTI CORRENTI AD AMMINISTRAZIONI PUBBLICHE;4.1.4;020;Tutela della salute;007;Vigilanza sugli enti e sicurezza delle cure;2;INTERVENTI;7;DIREZIONE GENERALE DELLA VIGILANZA SUGLI ENTI E DELLA SICUREZZA DELLE CURE;150060;0.00;0.00;0.00;0.00;0.00;0.00;0.00;700810.00;150060.00;150060.00;700810.00;150060.00;0.00;700810.00;150060.00;150060.00;700810.00;150060.00;150060.00;0.00
